,crRNA,DNA,GOP,MDE,CE,MMs,GMT,MOFF
0,GGGTGGGGGGAGTTTGCTCCNGG,GGATGGAGGGAGTTTGCTCCTGG,0.9251115322113037,0.8058103449465223,0.34664461479856723,2,0.855831347030346,0.23905921322764612
1,GGGTGGGGGGAGTTTGCTCCNGG,GGGTGGGGGGAGTTTGCTCCTGG,0.9251115322113037,1.0,1.0,0,1.0,1.0
2,GGGTGGGGGGAGTTTGCTCCNGG,TAGTGGAGGGAGCTTGCTCCTGG,0.9251115322113037,1.001684236837426,0.17658646467573305,4,0.7324472945597765,0.12955811796890485
3,GGGTGGGGGGAGTTTGCTCCNGG,GGGGAGGGGAAGTTTGCTCCTGG,0.9251115322113037,0.7595499570748118,0.14743511921017877,3,0.7917394487657075,0.08866241840858043
4,GGGTGGGGGGAGTTTGCTCCNGG,GGGAGGGTGGAGTTTGCTCCTGG,0.9251115322113037,0.2552875222548862,0.35885372845899793,2,0.855831347030346,0.07840346214000483
5,GGGTGGGGGGAGTTTGCTCCNGG,CGGGGGAGGGAGTTTGCTCCTGG,0.9251115322113037,0.8701601208837072,0.23790966530104674,3,0.7917394487657075,0.16390550728220687
6,GGGTGGGGGGAGTTTGCTCCNGG,CTGGTGGGGGAGCTTGCTCCAGG,0.9251115322113037,0.5532885380604119,0.09351290420754477,5,0.677595438934219,0.035058529208825025
7,GGGTGGGGGGAGTTTGCTCCNGG,GGGTGGGGGGAGTTTGCCCCAGG,0.9251115322113037,0.6295186587742405,1.0,1,0.9251115322113037,0.5823749709742425
8,GGGTGGGGGGAGTTTGCTCCNGG,GCGTGGGGGGTGTTTGCTCCCGG,0.9251115322113037,0.4119237384397187,0.5315939006532678,2,0.855831347030346,0.18740665075939641
9,GGGTGGGGGGAGTTTGCTCCNGG,GTGGGGGTAGAGTTTGCTCCAGG,0.9251115322113037,0.3903259695816059,0.0849475363483182,4,0.7324472945597765,0.02428592303411501
10,GGGTGGGGGGAGTTTGCTCCNGG,GAGGGTGGGGAGTTTACTCCTGG,0.9251115322113037,0.5222558283440035,0.07002670305946264,4,0.7324472945597765,0.026786955382015358
11,GGGTGGGGGGAGTTTGCTCCNGG,GGAGGAGGGGAGTCTGCTCCAGG,0.9251115322113037,0.3531570637412077,0.07051803377628371,4,0.7324472945597765,0.01824082475810193
12,GGGTGGGGGGAGTTTGCTCCNGG,GGTGGGGGTGGGTTTGCTCCTGG,0.9251115322113037,0.2530618414559646,0.06363604567835586,4,0.7324472945597765,0.011795224955202577
13,GGGTGGGGGGAGTTTGCTCCNGG,GAGGGGGAGCAGTTTGCTCCAGG,0.9251115322113037,0.6734170190554712,0.09501139403603606,4,0.7324472945597765,0.04686365502570055
14,GGGTGGGGGGAGTTTGCTCCNGG,GAGTGGGTGGAGTTTGCTACAGG,0.9251115322113037,0.22049485955868023,0.17208101283572116,3,0.7917394487657075,0.03004095308633069
15,GGGTGGGGGGAGTTTGCTCCNGG,AGGTGGTGGGAGCTTGTTCCTGG,0.9251115322113037,0.4638604853864518,0.0604290920842805,4,0.7324472945597765,0.020530986930812418
16,GGGTGGGGGGAGTTTGCTCCNGG,GGGCAAGGGGAGGTTGCTCCTGG,0.9251115322113037,0.21311635813352564,0.06731779712620728,4,0.7324472945597765,0.0105080725151617
17,GGGTGGGGGGAGTTTGCTCCNGG,GGTGGGGGAGAGCTAGCTCCGGG,0.9251115322113037,0.2848112890166673,0.01732569773519172,5,0.677595438934219,0.003343631490290752
18,GGGTGGGGGGAGTTTGCTCCNGG,AGGAAGGAGGAGTTAGCTCCTGG,0.9251115322113037,0.2708931867961928,0.04083959781032151,5,0.677595438934219,0.007496352717896125
19,GGGTGGGGGGAGTTTGCTCCNGG,GGTTGAGGGGAGTCTGCTCCAGG,0.9251115322113037,0.3433308875288686,0.13807584651360552,3,0.7917394487657075,0.037532965106003416
20,GGGTGGGGGGAGTTTGCTCCNGG,AAGTAAGGGAAGTTTGCTCCTGG,0.9251115322113037,1.1175313098918747,0.053767036006838506,5,0.677595438934219,0.040714234112249566
21,GGGTGGGGGGAGTTTGCTCCNGG,AGGAAGGAGGAGTTAGCTCCTGG,0.9251115322113037,0.2708931867961928,0.04083959781032151,5,0.677595438934219,0.007496352717896125
22,GACCCCCTCCACCCCGCCTCNGG,CTACCCCTCCACCCCGCCTCCGG,0.862842321395874,0.9499570733617533,0.7401358128095993,3,0.6423834089562526,0.4516580086854313
23,GACCCCCTCCACCCCGCCTCNGG,ATTCCCCCCCACCCCGCCTCAGG,0.862842321395874,1.2416256718790382,0.26898368349400664,4,0.5542755918100081,0.18511532523429344
24,GACCCCCTCCACCCCGCCTCNGG,ACACCCCCCCACCCCGCCTCAGG,0.862842321395874,1.1185855061746623,0.26898368349400664,4,0.5542755918100081,0.16677113277186037
25,GACCCCCTCCACCCCGCCTCNGG,TGCCCCCCCCACCCCACCTCTGG,0.862842321395874,0.998698566300475,0.21926531301017624,4,0.5542755918100081,0.12137524345525653
26,GACCCCCTCCACCCCGCCTCNGG,CTCCCCCCCCACCCCGCCTCAGG,0.862842321395874,1.182230804277327,0.4520724036307803,3,0.6423834089562526,0.34332433191785766
27,GACCCCCTCCACCCCGCCTCNGG,GCTTCCCTCCACCCCGCATCCGG,0.862842321395874,0.5902772206648225,0.12891922130154165,4,0.5542755918100081,0.042179308128147706
28,GACCCCCTCCACCCCGCCTCNGG,TACCCCCCACACCCCGCCTCTGG,0.862842321395874,0.9092336905047353,0.3033753613935426,3,0.6423834089562526,0.17719446102686662
29,GACCCCCTCCACCCCGCCTCNGG,TGCCCCTCCCACCCCGCCTCTGG,0.862842321395874,0.7406426779598119,0.1912654816759804,4,0.5542755918100081,0.07851833588111254
30,GACCCCCTCCACCCCGCCTCNGG,GACCCCTCCCACCCCGACTCCGG,0.862842321395874,0.30580814587149896,0.1425040004721884,3,0.6423834089562526,0.02799435216756872
31,GACCCCCTCCACCCCGCCTCNGG,GTACCCCACCACCCCGCCCCAGG,0.862842321395874,0.4100806626372504,0.09002391547955946,4,0.5542755918100081,0.02046222911112465
32,GACCCCCTCCACCCCGCCTCNGG,CCCCACCCCCACCCCGCCTCAGG,0.862842321395874,0.9337232969724641,0.1404972302817225,4,0.5542755918100081,0.07271294119868794
33,GACCCCCTCCACCCCGCCTCNGG,CCCCCCCCCCCCCCCGCCTCCGG,0.862842321395874,0.7203850115329137,0.1942554095985404,4,0.5542755918100081,0.07756459771374505
34,GACCCCCTCCACCCCGCCTCNGG,CACCCCCCCCCCCCCACCTCCGG,0.862842321395874,0.6239903985263231,0.08235939592669723,4,0.5542755918100081,0.028485038715691087
35,GACCCCCTCCACCCCGCCTCNGG,CCTCCCCCACACCCCGCATCCGG,0.862842321395874,0.551463771846069,0.03281654414022042,6,0.41265644410225605,0.00746789946441049
36,GACCCCCTCCACCCCGCCTCNGG,CCCCCTCCCCGCCCCGCCCCCGG,0.862842321395874,0.33000164627938705,0.020503064509964853,6,0.41265644410225605,0.0027920520876925405
37,GACCCCCTCCACCCCGCCTCNGG,GACCCCCTCCACCCCGCCTCCGG,0.862842321395874,1.0,1.0,0,1.0,1.0
38,GACCCCCTCCACCCCGCCTCNGG,GGGCCCCTCCACCCCGCCTCTGG,0.862842321395874,0.7162611758587372,0.8579137829253523,2,0.7444968715918208,0.45748613198886834
39,GACCCCCTCCACCCCGCCTCNGG,CGCCCTCCCCACCCCGCCTCCGG,0.862842321395874,1.168429748056501,0.1528191707087018,4,0.5542755918100081,0.09897059893226927
40,GACCCCCTCCACCCCGCCTCNGG,GACACACCCCACCCCACCTCAGG,0.862842321395874,0.8952875155583248,0.0352954358841545,4,0.5542755918100081,0.01751486654000424
41,GACCCCCTCCACCCCGCCTCNGG,GACCCCCCCCACCCCGCCCCCGG,0.862842321395874,0.4847154059281206,0.28428326757182665,2,0.7444968715918208,0.10258904785918643
42,GACCCCCTCCACCCCGCCTCNGG,TCCCCCCCACCCCCCACCTCAGG,0.862842321395874,0.49418610265178253,0.025415881169138916,6,0.41265644410225605,0.005183037260273304
43,GACCCCCTCCACCCCGCCTCNGG,GACACCTTCCACCCCGTCTCTGG,0.862842321395874,0.3313816215751815,0.08130009233356333,3,0.6423834089562526,0.017306680386506172
44,GACCCCCTCCACCCCGCCTCNGG,GCCCCCACCCACCCCGCCTCTGG,0.862842321395874,0.8467218138166897,0.22008823280223253,3,0.6423834089562526,0.11971040153315922
45,GACCCCCTCCACCCCGCCTCNGG,CATCCCCCCCACCCCACCCCGGG,0.862842321395874,0.4273988221939646,0.02812340802183502,5,0.47825243833041925,0.005748551966466728
46,GACCCCCTCCACCCCGCCTCNGG,CTGCCCCCCCACCCCGCCACTGG,0.862842321395874,0.4309499166583009,0.09161259414082382,5,0.47825243833041925,0.018881616605412745
47,GACCCCCTCCACCCCGCCTCNGG,CCCCCCCCCCCCCCCGCCTCAGG,0.862842321395874,0.7203850115329137,0.1942554095985404,4,0.5542755918100081,0.07756459771374505
48,GACCCCCTCCACCCCGCCTCNGG,GCCCCCCACCACCCCACCTCGGG,0.862842321395874,0.9013521924821616,0.22338485523394427,3,0.6423834089562526,0.12934289022983586
49,GACCCCCTCCACCCCGCCTCNGG,CCCCCCCCCCCCCCCGCCCCGGG,0.862842321395874,0.31523988076710957,0.05712352325309881,5,0.47825243833041925,0.008612184662821902
50,GACCCCCTCCACCCCGCCTCNGG,TGCCCCCCCCACCCCGCCCCCGG,0.862842321395874,0.5015925090836113,0.16473688283575344,4,0.5542755918100081,0.04580022803369637
51,GACCCCCTCCACCCCGCCTCNGG,CTTCCCCCACACCCCGCCCCAGG,0.862842321395874,0.3925208847581563,0.030809519790330978,6,0.41265644410225605,0.00499041117439048
52,GACCCCCTCCACCCCGCCTCNGG,AGGCCCCCCCGCCCCGCCTCAGG,0.862842321395874,0.5658064807089438,0.10706199866167848,5,0.47825243833041925,0.02897079793962782
53,GACCCCCTCCACCCCGCCTCNGG,TACCCCCCCCACCCCGCCACAGG,0.862842321395874,0.5833479475800001,0.24336977902499424,3,0.6423834089562526,0.09119869791063796
54,GACCCCCTCCACCCCGCCTCNGG,CATACCCCCCACCCCGCCCCGGG,0.862842321395874,0.4558091320374306,0.054052670180122386,5,0.47825243833041925,0.011783040424637993
55,GACCCCCTCCACCCCGCCTCNGG,CGCCCTCCCCACTCCGCCTCGGG,0.862842321395874,0.9098042661931965,0.0683264523795655,5,0.47825243833041925,0.02972994008137712
56,GACCCCCTCCACCCCGCCTCNGG,GAGCTCCCCCACCCCGCCCCGGG,0.862842321395874,0.297789410201882,0.040428262499789036,4,0.5542755918100081,0.006672983958382992
57,GACCCCCTCCACCCCGCCTCNGG,GACCCCTCACACCCCGCCCCTGG,0.862842321395874,0.24480347563781837,0.045017536302647376,4,0.5542755918100081,0.00610836608633691
58,GACCCCCTCCACCCCGCCTCNGG,CCCCCCCACCACCCCGCCCCGGG,0.862842321395874,0.4719655815138103,0.16473688283575344,4,0.5542755918100081,0.04309500414366315
59,GACCCCCTCCACCCCGCCTCNGG,CTCCCCCGCCACCCCGCCCCAGG,0.862842321395874,0.24893486486430746,0.16473688283575344,4,0.5542755918100081,0.02273015120810382
60,GACCCCCTCCACCCCGCCTCNGG,CCACCCCCCCACCCCGCCCCTGG,0.862842321395874,0.4524230208910678,0.09161259414082382,5,0.47825243833041925,0.01982243804609224
61,GACCCCCTCCACCCCGCCTCNGG,GACCCTGTCCACCCCACCTCAGG,0.862842321395874,0.58354779036761,0.08916301953300429,3,0.6423834089562526,0.03342377601245056
62,GACCCCCTCCACCCCGCCTCNGG,TCCACCCCCCACCCCGCCCCGGG,0.862842321395874,0.47578596993523475,0.07389019989329229,5,0.47825243833041925,0.016813404664977005
63,GACCCCCTCCACCCCGCCTCNGG,CACTCCCCCCACCCCGCCCCAGG,0.862842321395874,0.48823753250010477,0.10532365057860289,4,0.5542755918100081,0.028502491183331622
64,GACCCCCTCCACCCCGCCTCNGG,AGCCCCCCCCACCCCGACTCAGG,0.862842321395874,0.5260301755127155,0.21768439248239171,4,0.5542755918100081,0.06346929940896272
65,GACCCCCTCCACCCCGCCTCNGG,CATTCCCCCCACCCCACCTCAGG,0.862842321395874,0.9436305223556605,0.0601885095583286,5,0.47825243833041925,0.027162689048849237
66,GACCCCCTCCACCCCGCCTCNGG,CCCCCCCCCCGCCCCGCCCCCCG,0.862842321395874,0.3213798513402953,0.05712352325309881,5,0.47825243833041925,0.008779925369587467
67,GACCCCCTCCACCCCGCCTCNGG,ATCCCCCTCCACCCCACCCCTGG,0.862842321395874,0.4402803166237135,0.11548207442125744,4,0.5542755918100081,0.028181856620421733
68,GACCCCCTCCACCCCGCCTCNGG,CAACCCCCCCACCCCGCTTCAGG,0.862842321395874,0.5228527298828739,0.10763507939685502,4,0.5542755918100081,0.03119313104358552
69,GACCCCCTCCACCCCGCCTCNGG,CCCCCCCCCCACCCCGCCCCCGG,0.862842321395874,0.5083146757944773,0.16473688283575344,4,0.5542755918100081,0.04641402661055444
70,GACCCCCTCCACCCCGCCTCNGG,CCACCCCCCCACCCCGCCCCAGG,0.862842321395874,0.4524230208910678,0.09161259414082382,5,0.47825243833041925,0.01982243804609224
71,GACCCCCTCCACCCCGCCTCNGG,CTCCCTCCCCACCCCACCTCTGG,0.862842321395874,1.057692933561231,0.05969728016318966,5,0.47825243833041925,0.030197524387744576
72,GACCCCCTCCACCCCGCCTCNGG,AGGCCCCCACACCCCGCCTCAGG,0.862842321395874,0.6994851496862592,0.10213054828680275,5,0.47825243833041925,0.03416578117900409
73,GACCCCCTCCACCCCGCCTCNGG,ACCCCCCCCCCCCCCGCCCCCGG,0.862842321395874,0.34106891010452733,0.05712352325309881,5,0.47825243833041925,0.009317819907239538
74,GACCCCCTCCACCCCGCCTCNGG,GCCCCCCCCAACCCCGCCCCCGG,0.862842321395874,0.2508426647127794,0.07033949326832346,4,0.5542755918100081,0.009779719425100752
75,GACCCCCTCCACCCCGCCTCNGG,CAGTCCCCCCACCCCACCTCTGG,0.862842321395874,0.706627188734927,0.0601885095583286,5,0.47825243833041925,0.020340476644560068
76,GACCCCCTCCACCCCGCCTCNGG,CACCCACTACTCCCCGCCTCAGG,0.862842321395874,0.397214531741484,0.0885077575904366,4,0.5542755918100081,0.019486427249740177
77,GACCCCCTCCACCCCGCCTCNGG,AAGACCCCCCACCCCGCCCCAGG,0.862842321395874,0.3692940959321186,0.054052670180122386,5,0.47825243833041925,0.00954655568548583
78,GACCCCCTCCACCCCGCCTCNGG,CCGCCCCCCCACCCCGCCGCCGG,0.862842321395874,0.20958027113916797,0.09161259414082382,5,0.47825243833041925,0.00918253879335562
79,GACCCCCTCCACCCCGCCTCNGG,CTCCCCCCCCTCCCCGCCTCGGG,0.862842321395874,0.5772299795770295,0.1942554095985404,4,0.5542755918100081,0.0621509476702375
80,GACCCCCTCCACCCCGCCTCNGG,AACCACCCCCACCCCACCCCAGG,0.862842321395874,0.3829207483191776,0.019375610672629315,5,0.47825243833041925,0.003548309477114498
81,GACCCCCTCCACCCCGCCTCNGG,GTCACTCCCCACCCCGCCTCTGG,0.862842321395874,1.0819572722115745,0.0778960257425294,4,0.5542755918100081,0.04671444195181371
82,GACCCCCTCCACCCCGCCTCNGG,GTCCTCCACCACCCCGCCTCTGG,0.862842321395874,0.88987168213908,0.15485694511787662,3,0.6423834089562526,0.08852223900762686
83,GACCCCCTCCACCCCGCCTCNGG,GACCCCACCTACCCCACCTCAGG,0.862842321395874,0.5892644036954191,0.036903791147729584,4,0.5542755918100081,0.012053327172998302
84,GACCCCCTCCACCCCGCCTCNGG,GCCCCCCACCACCCCACCCCCGG,0.862842321395874,0.3944309683548534,0.03746785269416209,4,0.5542755918100081,0.00819135153530959
85,GACCCCCTCCACCCCGCCTCNGG,GGGCCCTCCCACCTCGCCCCTGG,0.862842321395874,0.138077374760424,0.008841962765724803,6,0.41265644410225605,0.0005038019388428846
86,GACCCCCTCCACCCCGCCTCNGG,CTCACCCCCCACCCCACCTCTGG,0.862842321395874,0.9571317294848922,0.08810253666218554,5,0.47825243833041925,0.04032898755873972
87,GACCCCCTCCACCCCGCCTCNGG,ATGCCCCACCCCCCCGCCCCCGG,0.862842321395874,0.23428350861801076,0.031237911588817956,6,0.41265644410225605,0.0030200375461516887
88,GACCCCCTCCACCCCGCCTCNGG,GTCCCCCTCCTCCCCACCTCCGG,0.862842321395874,0.43551109077614314,0.1569521147685641,3,0.6423834089562526,0.043909723947052885
89,GACCCCCTCCACCCCGCCTCNGG,GTCCCTCCCCACCCCGCCTTGGG,0.862842321395874,0.5018582960517106,0.08052829186859714,4,0.5542755918100081,0.022400378112890446
90,GACCCCCTCCACCCCGCCTCNGG,AACACCCTCCACCCCACCACAGG,0.862842321395874,0.4579502995460209,0.0645399350331312,4,0.5542755918100081,0.016382215164226426
91,GACCCCCTCCACCCCGCCTCNGG,GCCGCCCCCCACTCCGCCTCCGG,0.862842321395874,0.4190388855480754,0.09445414271436745,4,0.5542755918100081,0.021938205031386524
92,GACCCCCTCCACCCCGCCTCNGG,CTACCCCCACTCCCCGCCTCCGG,0.862842321395874,0.40156652619062533,0.04026352187036373,6,0.41265644410225605,0.006672028540240635
93,GACCCCCTCCACCCCGCCTCNGG,TTCTCCCTCCTCCCCGCCTCGGG,0.862842321395874,0.507169465135491,0.20335720328957282,4,0.5542755918100081,0.05716608006155471
94,GACCCCCTCCACCCCGCCTCNGG,AAGCCCCCCCACCCCGCCCCGGG,0.862842321395874,0.39743196389667873,0.11445408441309729,4,0.5542755918100081,0.025212728236296215
95,GACCCCCTCCACCCCGCCTCNGG,CCGCCCCTCCACCCCGCCACTGG,0.862842321395874,0.3822701220255865,0.2804309572731054,4,0.5542755918100081,0.05941855199185039
96,GACCCCCTCCACCCCGCCTCNGG,TATCCTCCCCACCCCGCCCCGGG,0.862842321395874,0.5073881525084122,0.03940217401939357,5,0.47825243833041925,0.009561316618736666
97,GACCCCCTCCACCCCGCCTCNGG,TGCACCCCCCACCCCGCCCCTGG,0.862842321395874,0.4660801570970552,0.07389019989329229,5,0.47825243833041925,0.016470419017726716
98,GACCCCCTCCACCCCGCCTCNGG,ATCCCTCTCCACCCCACCCCAGG,0.862842321395874,0.4520919052775045,0.038964801784468386,5,0.47825243833041925,0.00842473783694229
99,GACCCCCTCCACCCCGCCTCNGG,ACTCCCCTCCACCCCGGCTCGGG,0.862842321395874,0.15082735705789782,0.2966326328096068,4,0.5542755918100081,0.0247984651418579
100,GACCCCCTCCACCCCGCCTCNGG,TGCCCCCTCTGCCCCGCCCCCGG,0.862842321395874,0.23002917483883598,0.05158106911425067,5,0.47825243833041925,0.005674537284833047
101,GACCCCCTCCACCCCGCCTCNGG,AACCCCACCCACCCCATCTCAGG,0.862842321395874,0.45660307166319714,0.03194273512567082,5,0.47825243833041925,0.006975384017548305
102,GACCCCCTCCACCCCGCCTCNGG,AGCCAACCCCACCCCGCCTCTGG,0.862842321395874,0.9879862605117289,0.05374936199932543,5,0.47825243833041925,0.02539694108962797
103,GACCCCCTCCACCCCGCCTCNGG,AGCCCCCACCTCCCCGCCTCGGG,0.862842321395874,0.5581236311769452,0.1942554095985404,4,0.5542755918100081,0.060093747418003385
104,GACCCCCTCCACCCCGCCTCNGG,TCCCCACCCCGCCCCGCCTCTGG,0.862842321395874,0.7385745173012817,0.06132931870919972,5,0.47825243833041925,0.02166305251313474
105,GACCCCCTCCACCCCGCCTCNGG,TCCCACCCCCACCCCGCCACGGG,0.862842321395874,0.471667919426012,0.05302664001061348,5,0.47825243833041925,0.011961554980922696
106,GACCCCCTCCACCCCGCCTCNGG,ACACCCCCCCACCCCACCCCAGG,0.862842321395874,0.4264867516803105,0.025560364588214955,6,0.41265644410225605,0.0044984326285085925
107,GACCCCCTCCACCCCGCCTCNGG,GACCCCTACCACCCCATCTCAGG,0.862842321395874,0.31957053869133517,0.029293490784575563,4,0.5542755918100081,0.005188760400823772
108,GACCCCCTCCACCCCGCCTCNGG,CCGCCCCCCCACCCCAACTCCGG,0.862842321395874,0.31433762302260193,0.03759555374218339,6,0.41265644410225605,0.0048766488213065964
109,GACCCCCTCCACCCCGCCTCNGG,GTCCCCTCCCACCCCGCCTCCAG,0.862842321395874,0.7327186667712964,0.22008823280223253,3,0.6423834089562526,0.10359251926515567
110,GACCCCCTCCACCCCGCCTCNGG,AACCTCCCCCACCCCACCCCAGG,0.862842321395874,0.4026182858063045,0.019375610672629315,5,0.47825243833041925,0.0037308353894558483
111,GACCCCCTCCACCCCGCCTCNGG,TGGCCCCTCCGCCCCACCTCTGG,0.862842321395874,0.414367689292426,0.10311665997533577,5,0.47825243833041925,0.02043487163262238
112,GACCCCCTCCACCCCGCCTCNGG,CACCCCCTCCCCTCCGCCTCAGG,0.862842321395874,0.5034461950157672,0.21720586080942864,3,0.6423834089562526,0.07024556632122135
113,GACCCCCTCCACCCCGCCTCNGG,CCCCCCTCCCACCCCGCCTCTAG,0.862842321395874,0.7505685111097605,0.1912654816759804,4,0.5542755918100081,0.07957061105287876
114,GACCCCCTCCACCCCGCCTCNGG,CTACCCCTCCACCCCGACTCGGA,0.862842321395874,0.4058901530593117,0.2966326328096068,4,0.5542755918100081,0.0667349279892301
115,GACCCCCTCCACCCCGCCTCNGG,AGACCCCCCCACCCCACCCCAGG,0.862842321395874,0.4177866200006486,0.025560364588214955,6,0.41265644410225605,0.004406666691897626
116,GACCCCCTCCACCCCGCCTCNGG,ACGCCCCCCCACCCCACGTCTGG,0.862842321395874,0.0755985153965102,0.028370824311027203,6,0.41265644410225605,0.0008850623219666797
117,GACCCCCTCCACCCCGCCTCNGG,GGCCCACTCCACTCCGTCTCCGG,0.862842321395874,0.422774121445651,0.051851376631887394,4,0.5542755918100081,0.012150508155387962
118,GACCCCCTCCACCCCGCCTCNGG,CACACCCACCACCCCGCCTCAGA,0.862842321395874,0.9963152594807461,0.2867674826025704,3,0.6423834089562526,0.18353588978200605
119,GACCCCCTCCACCCCGCCTCNGG,CACCCCCCGCACCCCGCCCCAGG,0.862842321395874,0.3854231891898561,0.08703769593798925,4,0.5542755918100081,0.018593920975188114
120,GACCCCCTCCACCCCGCCTCNGG,CGCCCACCCCACCCCACCTCAGG,0.862842321395874,0.9898007177883419,0.05969728016318966,5,0.47825243833041925,0.02825917652090488
121,GACCCCCTCCACCCCGCCTCNGG,CCCCACCCCCACCCCGCCCCCGG,0.862842321395874,0.40859653670573853,0.05302664001061348,5,0.47825243833041925,0.01036205715404174
122,GACCCCCTCCACCCCGCCTCNGG,GCCACCCCCCACCCCACCCCAGG,0.862842321395874,0.3947325112757398,0.017655479308004485,5,0.47825243833041925,0.0033330329165555147
123,GACCCCCTCCACCCCGCCTCNGG,GACACACCCCCCCCCGCCTCCGG,0.862842321395874,0.6372519361781033,0.04592325927044308,4,0.5542755918100081,0.016220701088429736
124,GACCCCCTCCACCCCGCCTCNGG,AACCTCCACCTCCCCGCCTCAGG,0.862842321395874,0.47871983926235523,0.09306831224078072,4,0.5542755918100081,0.02469499932223464
125,GACCCCCTCCACCCCGCCTCNGG,CCACCATCCCACCCCGCCTCTGG,0.862842321395874,0.6669374981661148,0.030316446751042305,6,0.41265644410225605,0.008343572919842997
126,GACCCCCTCCACCCCGCCTCNGG,TCTCCCCTCCACCCCGCCCTCGG,0.862842321395874,0.193401449755149,0.08193644122715286,5,0.47825243833041925,0.007578687773031831
127,GACCCCCTCCACCCCGCCTCNGG,CACCTCCACAACTCCGCCTCTGG,0.862842321395874,0.3630338767070405,0.032707461311881444,5,0.47825243833041925,0.005678729507799447
128,GACCCCCTCCACCCCGCCTCNGG,AGGCCCTCCCACCCCGCATCAGG,0.862842321395874,0.3618202853268499,0.03375824453570263,6,0.41265644410225605,0.005040358162499087
129,GACCCCCTCCACCCCGCCTCNGG,ACTCCCCTCCACCCCACCTCTGA,0.862842321395874,0.9596085489944908,0.37173548194138445,4,0.5542755918100081,0.1977214919863482
130,GACCCCCTCCACCCCGCCTCNGG,TCCCCCCTCCACCCCCGCCCCCG,0.862842321395874,0.006849579619662996,0.024084603582166384,5,0.47825243833041925,7.889702250785638e-05
131,GACCCCCTCCACCCCGCCTCNGG,TACTCCCCCCACCCAGCCTCAGG,0.862842321395874,0.2517830877415072,0.11368618338972228,4,0.5542755918100081,0.01586572770237755
132,GACCCCCTCCACCCCGCCTCNGG,CACCCCCCCCCCCCCGCCCCCGG,0.862842321395874,0.31339677476490246,0.08056341729329393,4,0.5542755918100081,0.013994524818511657
133,GACCCCCTCCACCCCGCCTCNGG,GCCTCCCCCCACCCAGCCTCGGG,0.862842321395874,0.241159615371754,0.09101101861038488,4,0.5542755918100081,0.012165341701710913
134,GACCCCCTCCACCCCGCCTCNGG,AGCCGCCCCCACCCCGCCCCCGG,0.862842321395874,0.38807447969728714,0.05302664001061348,5,0.47825243833041925,0.009841615328091507
135,GACCCCCTCCACCCCGCCTCNGG,TCCCCCCACCACCCCACCCCCGG,0.862842321395874,0.41422815104734634,0.044081477195302934,5,0.47825243833041925,0.00873278851415101
136,GACCCCCTCCACCCCGCCTCNGG,AACACCCCCCACCCCACCCCGGG,0.862842321395874,0.44264589194821635,0.024041247659196595,5,0.47825243833041925,0.005089447435530506
137,GACCCCCTCCACCCCGCCTCNGG,GGCCCCACCCACCCCGCCTTCTG,0.862842321395874,0.35749526989616576,0.08829503140070744,4,0.5542755918100081,0.01749574013986022
138,GACCCCCTCCACCCCGCCTCNGG,CCCCCACCCCACCCCGCCTCCAG,0.862842321395874,1.1596819866828278,0.1528191707087018,4,0.5542755918100081,0.09822962911024183
139,GACCCCCTCCACCCCGCCTCNGG,CCGCCCCTGCACCCAGCCTCCGG,0.862842321395874,0.1302494550016386,0.1287476269272536,5,0.47825243833041925,0.008019962554908295
140,GACCCCCTCCACCCCGCCTCNGG,CCCCCTCCCCACCCCGCCGCAGG,0.862842321395874,0.29605476921362855,0.06138299194223223,5,0.47825243833041925,0.008691151244254172
141,GACCCCCTCCACCCCGCCTCNGG,CACCCCGCCCACCCCGCCCCTGG,0.862842321395874,0.32961359350139074,0.10739889834877321,4,0.5542755918100081,0.019621431787629203
142,GACCCCCTCCACCCCGCCTCNGG,ACCCCACCCCACCCCGTCTCCGG,0.862842321395874,0.6925076242817543,0.0662483294203216,5,0.47825243833041925,0.02194101343166532
143,GACCCCCTCCACCCCGCCTCNGG,AGTCCCATCCACCCCGCCTAAGG,0.862842321395874,0.3155661753614444,0.1095331698517879,5,0.47825243833041925,0.016530778067667756
144,GACCCCCTCCACCCCGCCTCNGG,CCGCCCCCCCATCCCGCCCCAGG,0.862842321395874,0.2755981315166044,0.03150032155930615,6,0.41265644410225605,0.003582447936101471
145,GACCCCCTCCACCCCGCCTCNGG,CGTCCCCCCCCCCCCGCCTCAGG,0.862842321395874,0.6850165813546341,0.10706199866167848,5,0.47825243833041925,0.03507467241954131
146,GACCCCCTCCACCCCGCCTCNGG,GACCCCCCCCCCCCGCCCCCGGG,0.862842321395874,0.0034461880703323066,0.0017813069770550147,5,0.47825243833041925,2.9358572601153588e-06
147,GACCCCCTCCACCCCGCCTCNGG,CTCCCCCTCCACCCCACCTCCAG,0.862842321395874,0.9299333113401781,0.58441315015209,3,0.6423834089562526,0.34911306374182577
148,GACCCCCTCCACCCCGCCTCNGG,CCCCCCCCCCCCCCCGCCCCGGG,0.862842321395874,0.31523988076710957,0.05712352325309881,5,0.47825243833041925,0.008612184662821902
149,GACCCCCTCCACCCCGCCTCNGG,GGCTCCCTCCGCCCCGCCCCGGG,0.862842321395874,0.26339240193368824,0.07221086062811007,4,0.5542755918100081,0.010542206481611908
150,GACCCCCTCCACCCCGCCTCNGG,TAGCCCCTCCACCCCACCACAGG,0.862842321395874,0.33354390205727963,0.081081685848333,4,0.5542755918100081,0.014989996431418871
151,GACCCCCTCCACCCCGCCTCNGG,GACCCCACCCACCCCGCCGCAGG,0.862842321395874,0.20893565315989351,0.12823144660297392,3,0.6423834089562526,0.017210814054314894
152,GACCCCCTCCACCCCGCCTCNGG,AGTAGCCCCCACCCCGCCTCGGG,0.862842321395874,0.7998998267054426,0.04065568725780902,6,0.41265644410225605,0.013419784478605501
153,GACCCCCTCCACCCCGCCTCNGG,GCCACCCACCACCCCACCTCAGG,0.862842321395874,0.8375371718357012,0.08845243352660526,4,0.5542755918100081,0.041061955811761405
154,GACCCCCTCCACCCCGCCTCNGG,TTCCCCTTCCACCCAGCCTCTGG,0.862842321395874,0.15563167504493458,0.17135633808423897,4,0.5542755918100081,0.014781684167790703
155,GACCCCCTCCACCCCGCCTCNGG,AACCCTCTCCACCCAGTCTCAGG,0.862842321395874,0.14321376778470815,0.06609332696723078,4,0.5542755918100081,0.0052464814139607735
156,GACCCCCTCCACCCCGCCTCNGG,GGCCCTCTCCACTCCACCTCAGG,0.862842321395874,0.6864332456414141,0.04341890685824603,4,0.5542755918100081,0.016519730149157915
157,GACCCCCTCCACCCCGCCTCNGG,GTCCCCCTCCTCCCCGTCTCAGG,0.862842321395874,0.27588241406681746,0.1518655044850273,3,0.6423834089562526,0.02691395181156803
158,GACCCCCTCCACCCCGCCTCNGG,GACCCCCCCCACCCCACCCCAGG,0.862842321395874,0.4223249060093966,0.04201222825954638,3,0.6423834089562526,0.01139768699771284
159,GACCCCCTCCACCCCGCCTCNGG,TGCCCCCTCCACCCCACCTCTGA,0.862842321395874,0.901621147329775,0.58441315015209,3,0.6423834089562526,0.33848418724251184
160,GACCCCCTCCACCCCGCCTCNGG,GGCTCACCCCACCCCACCTCTGG,0.862842321395874,0.9172626635899368,0.025442717574116615,5,0.47825243833041925,0.01116129035653492
161,GACCCCCTCCACCCCGCCTCNGG,TTTCCCCCCCACCCCAACTCAGG,0.862842321395874,0.43035169818174174,0.03759555374218339,6,0.41265644410225605,0.0066764966964657025
162,GACCCCCTCCACCCCGCCTCNGG,CCCCACCCCCACCCCACCTCTGG,0.862842321395874,0.8135384161714813,0.0639896988929743,5,0.47825243833041925,0.024896902876357214
163,GACCCCCTCCACCCCGCCTCNGG,CCCCCCCCTCACCCCGCCCCTGG,0.862842321395874,0.47656273236461166,0.0588543875782604,5,0.47825243833041925,0.013413932449101933
164,GACCCCCTCCACCCCGCCTCNGG,TCCTCCTTCCACTCCGCCTCTGG,0.862842321395874,0.5134993795342551,0.0734629688894132,5,0.47825243833041925,0.01804120709380788
165,GACCCCCTCCACCCCGCCTCNGG,CTCCCCCTACACCCCGCAACAGG,0.862842321395874,0.26176649510153377,0.03736708155851139,5,0.47825243833041925,0.004678002299393906
166,GACCCCCTCCACCCCGCCTCNGG,GTCCCCTCCCTCCCCGCCTCTGG,0.862842321395874,0.3577534771771088,0.08213659525816876,4,0.5542755918100081,0.01628719568621735
167,GACCCCCTCCACCCCGCCTCNGG,CCACCCCTCCACCCCGTCCCAGG,0.862842321395874,0.22543379771340957,0.06473225475690494,5,0.47825243833041925,0.006979060367330639
168,GACCCCCTCCACCCCGCCTCNGG,TTCCCCCCCAACCCCACCTCGGG,0.862842321395874,0.5338257310610671,0.06959205500983683,5,0.47825243833041925,0.01776709226017514
169,GACCCCCTCCACCCCGCCTCNGG,CCTGCCCCCCACCCCGCCCCAGG,0.862842321395874,0.23832635775710156,0.0427202653096789,6,0.41265644410225605,0.004201405973433765
170,GACCCCCTCCACCCCGCCTCNGG,GACCCCCTTCACCCCACCTATGG,0.862842321395874,0.31439146387233785,0.06694360754024552,3,0.6423834089562526,0.013519921627412447
171,GACCCCCTCCACCCCGCCTCNGG,CCCCCCCTCCACCCCACTTCAGG,0.862842321395874,0.4647971953854804,0.14211567264935565,4,0.5542755918100081,0.03661265540918744
172,GACCCCCTCCACCCCGCCTCNGG,CAGCCCCTCCACTCCACCCCCGG,0.862842321395874,0.22498663029779015,0.015180551992182014,5,0.47825243833041925,0.001633433535372723
173,GACCCCCTCCACCCCGCCTCNGG,AGCCCCCCCCTCCCCGCCCCAGG,0.862842321395874,0.2630444951523039,0.05712352325309881,5,0.47825243833041925,0.007186234689842453
174,GGTGAGTGAGTGTGTGCGTGNGG,AGTGAGTGAGTGTGTGTGTGGGG,0.6742175817489624,0.6225652005599038,0.7063226518353418,2,0.4545693475394188,0.19988864442074689
175,GGTGAGTGAGTGTGTGCGTGNGG,AGAGAGTGAGTGTGTGCATGAGG,0.6742175817489624,0.7702146494694571,0.32915912911295725,3,0.3064786462352306,0.0776994419915249
176,GGTGAGTGAGTGTGTGCGTGNGG,GGTGAGTGAGTGTGTGCGTGTGG,0.6742175817489624,1.0,1.0,0,1.0,1.0
177,GGTGAGTGAGTGTGTGCGTGNGG,TGTGGGTGAGTGTGTGCGTGAGG,0.6742175817489624,0.8480991980821895,0.5437768312428536,2,0.4545693475394188,0.20963678912504125
178,GGTGAGTGAGTGTGTGCGTGNGG,GCTGAGTGAGTGTATGCGTGTGG,0.6742175817489624,0.6254225362182956,0.6798971749446002,2,0.4545693475394188,0.1932933487243552
179,GGTGAGTGAGTGTGTGCGTGNGG,GGTGAGTGAGTGTGTGCGGGTGG,0.6742175817489624,0.2482095221281832,1.0,1,0.6742175817489624,0.16734722377632924
180,GGTGAGTGAGTGTGTGCGTGNGG,GTTGAGTGAATGTGTGCGTGAGG,0.6742175817489624,0.8921934081940188,0.5042859610844738,2,0.4545693475394188,0.20452011827967823
181,GGTGAGTGAGTGTGTGCGTGNGG,AGTGAATGAGTGTGTGTGTGTGG,0.6742175817489624,0.6802079499270115,0.23012923260050544,3,0.3064786462352306,0.04797485969832367
182,GGTGAGTGAGTGTGTGCGTGNGG,TGTGAGTAAGTGTGTGTGTGTGG,0.6742175817489624,0.5515113944474905,0.33630070854659855,3,0.3064786462352306,0.05684372012879321
183,GGTGAGTGAGTGTGTGCGTGNGG,ACTGTGTGAGTGTGTGCGTGAGG,0.6742175817489624,0.587327314937622,0.34894414382439204,3,0.3064786462352306,0.06281109055745145
184,GGTGAGTGAGTGTGTGCGTGNGG,AGCGAGTGGGTGTGTGCGTGGGG,0.6742175817489624,0.6868735919629214,0.3329464884419619,3,0.3064786462352306,0.07008926067379544
185,GGTGAGTGAGTGTGTGCGTGNGG,AGTGTGTGAGTGTGTGCGTGTGG,0.6742175817489624,0.6961614757832042,0.5437768312428536,2,0.4545693475394188,0.17208017272715065
186,GGTGAGTGAGTGTGTGCGTGNGG,TGTGGGTGAGTGTGTGCGTGAGA,0.6742175817489624,0.8480991980821895,0.5437768312428536,2,0.4545693475394188,0.20963678912504125
187,GGTGAGTGAGTGTGTGCGTGNGG,CGCGAGTGAGTGTGTGCGCGGGG,0.6742175817489624,0.3204182851480485,0.3498483517134983,3,0.3064786462352306,0.03435558472309676
188,GGTGAGTGAGTGTGTGCGTGNGG,GGTGAGTGAGTGTGTGTGTGAGG,0.6742175817489624,0.5519308494221198,1.0,1,0.6742175817489624,0.3721214825900323
189,GGTGAGTGAGTGTGTGCGTGNGG,CTGGAGTGAGTGTGTGTGTGTGG,0.6742175817489624,0.46903079216922633,0.2966326328096068,4,0.2066332917224129,0.028748856557707193
190,GGTGAGTGAGTGTGTGCGTGNGG,AGCGAGTGAGTGTGTGTGTGGGG,0.6742175817489624,0.43724661227909667,0.35932132985620774,3,0.3064786462352306,0.048151483548648365
191,GGTGAGTGAGTGTGTGCGTGNGG,GGTGAGTCAGTGTGTGAGTGAGG,0.6742175817489624,0.3249981451467336,0.41725670980771984,2,0.4545693475394188,0.06164308404453204
192,GGTGAGTGAGTGTGTGCGTGNGG,GGTGTGTGAGTGTGTGTGTGTGG,0.6742175817489624,0.340639089576755,0.2520448151295281,2,0.4545693475394188,0.03902764970911398
193,GGTGAGTGAGTGTGTGCGTGNGG,TGTGAGTGAGTGTGTGTGTGTGA,0.6742175817489624,0.5796332276233218,0.7063226518353418,2,0.4545693475394188,0.18610436308782993
194,GGTGAGTGAGTGTGTGCGTGNGG,TGTGAGTGAGTGTGTGTATGGGG,0.6742175817489624,0.4879807251193245,0.16066975111460574,3,0.3064786462352306,0.0240290726017864
195,GGTGAGTGAGTGTGTGCGTGNGG,AGTGAGTGAGTGAGTGAGTGAGG,0.6742175817489624,0.3098170864103591,0.17841813182497612,3,0.3064786462352306,0.016941215765158012
196,GGTGAGTGAGTGTGTGCGTGNGG,TGTGGGTGAGCATGTGCGTGAGG,0.6742175817489624,0.733811038929957,0.08333368766339652,4,0.2066332917224129,0.012635869600021632
197,GGTGAGTGAGTGTGTGCGTGNGG,GTAGAGTGAGTGTGTGTGTGTGG,0.6742175817489624,0.43485498879702267,0.3042805249948187,3,0.3064786462352306,0.04055261217879981
198,GGTGAGTGAGTGTGTGCGTGNGG,GGTGGATGAGTGTGTGTGTGGGG,0.6742175817489624,0.4869894795134641,0.10605079709471064,3,0.3064786462352306,0.015828280461382963
199,GGTGAGTGAGTGTGTGCGTGNGG,TGTGAGTGAGTGTGTGCGTGTGA,0.6742175817489624,1.0501917554168367,1.0,1,0.6742175817489624,0.7080577457098375
200,GGTGAGTGAGTGTGTGCGTGNGG,CATGAGTGAGTGTGTGGGTGGGG,0.6742175817489624,0.1483924674817824,0.4836322238879413,3,0.3064786462352306,0.02199516917706636
201,GGTGAGTGAGTGTGTGCGTGNGG,AGTGAGTATGTGTGTGTGTGGGG,0.6742175817489624,0.38508421491447603,0.12316115159871908,4,0.2066332917224129,0.009800082956069352
202,GGTGAGTGAGTGTGTGCGTGNGG,GATGAGTGAGTGAGTGAGTGGGG,0.6742175817489624,0.28547755772018174,0.14386471459094902,3,0.3064786462352306,0.012587123164657668
203,GGTGAGTGAGTGTGTGCGTGNGG,TGTGAGTGAGTGTGTGTGTGTGA,0.6742175817489624,0.5796332276233218,0.7063226518353418,2,0.4545693475394188,0.18610436308782993
204,GGTGAGTGAGTGTGTGCGTGNGG,GGAGAGTGAGTGTGTGTGTGAGA,0.6742175817489624,0.44765854305190705,0.3698549747404842,2,0.4545693475394188,0.0752624737205325
205,GGTGAGTGAGTGTGTGCGTGNGG,GGTGAGTGTGTGTGTGCATGTGG,0.6742175817489624,0.5472919419344926,0.32640453911389256,2,0.4545693475394188,0.08120362005940622
206,GGTGAGTGAGTGTGTGCGTGNGG,GGTGAGTAAGTGTGAGCGTAAGG,0.6742175817489624,0.4372552537912147,0.06492881963867961,3,0.3064786462352306,0.008701072048289153
207,GGTGAGTGAGTGTGTGCGTGNGG,AGTGAGTGAGTGAGTGAGTGGGG,0.6742175817489624,0.3098170864103591,0.17841813182497612,3,0.3064786462352306,0.016941215765158012
208,GGTGAGTGAGTGTGTGCGTGNGG,GATGAGTGTGTGTGTGTGTGAGG,0.6742175817489624,0.3729246647316695,0.18559725086946655,3,0.3064786462352306,0.02121254944325108
209,GGTGAGTGAGTGTGTGCGTGNGG,GGTGAATGAGTGTGTGCTCTGGG,0.6742175817489624,0.17524059398953248,0.011238820575403992,4,0.2066332917224129,0.00040696377075856536
210,GGTGAGTGAGTGTGTGCGTGNGG,AGGGAGTGACTGTGTGCGTGTGG,0.6742175817489624,0.7403135865671746,0.31932608037098453,3,0.3064786462352306,0.07245199202549749
211,GGTGAGTGAGTGTGTGCGTGNGG,AGTGAGTGAGTGTGTGTGTGAGA,0.6742175817489624,0.6225652005599038,0.7063226518353418,2,0.4545693475394188,0.19988864442074689
212,GGTGAGTGAGTGTGTGCGTGNGG,GGTGAGCAAGTGTGTGTGTGTGG,0.6742175817489624,0.4848301194782863,0.1425040004721884,3,0.3064786462352306,0.02117468064120446
213,GGTGAGTGAGTGTGTGCGTGNGG,CGTGAGTGAGTGTGTACCTGGGG,0.6742175817489624,0.45182344975412947,0.16518033326857215,3,0.3064786462352306,0.022873220983137477
214,GGTGAGTGAGTGTGTGCGTGNGG,GGTGGATGACTGTGTGTGTGGGG,0.6742175817489624,0.3809037196935038,0.03143824623518949,4,0.2066332917224129,0.0024744222894160853
215,GGTGAGTGAGTGTGTGCGTGNGG,TGTGGGTGAGTGTGTGTGTGTGG,0.6742175817489624,0.46809211079172147,0.21083096725791273,3,0.3064786462352306,0.03024586040934084
216,GGTGAGTGAGTGTGTGCGTGNGG,AGTGAGTAAGTGAGTGAGTGAGG,0.6742175817489624,0.29478581490306693,0.07971403563336238,4,0.2066332917224129,0.004855586240339075
217,GGTGAGTGAGTGTGTGCGTGNGG,GGTGTATGAGTGTGTGTGTGAGG,0.6742175817489624,0.3721785550776432,0.10605079709471064,3,0.3064786462352306,0.012096660809524394
218,GGTGAGTGAGTGTGTGCGTGNGG,TGTGAGTGAGTATGTACATGTGG,0.6742175817489624,0.770569687716594,0.04091618043915986,4,0.2066332917224129,0.006514893195048382
219,GGTGAGTGAGTGTGTGCGTGNGG,TGTGAGTGGGTGTGTGTGTGGGG,0.6742175817489624,0.5025604509856081,0.2649085817798184,3,0.3064786462352306,0.040802291763188885
220,GGTGAGTGAGTGTGTGCGTGNGG,AATGAGTGAGTGTGTGTGTGTGA,0.6742175817489624,0.6470705299809266,0.4836322238879413,3,0.3064786462352306,0.0959107023284166
221,GGTGAGTGAGTGTGTGCGTGNGG,GGTGAGAGAGTGTGTGCGTAGGA,0.6742175817489624,0.7114652290447665,0.3742522727659798,2,0.4545693475394188,0.12103703418361877
222,GGTGAGTGAGTGTGTGCGTGNGG,TGTGAGTGAGTGTGTGTGTGTGA,0.6742175817489624,0.5796332276233218,0.7063226518353418,2,0.4545693475394188,0.18610436308782993
223,GGTGAGTGAGTGTGTGCGTGNGG,AGTGAGAAAGTGTGTGCATGCGG,0.6742175817489624,0.6898488543950725,0.11298199117657115,4,0.2066332917224129,0.016105101490874064
224,GGTGAGTGAGTGTGTGCGTGNGG,AGTGAGTGAGTGTGAGTGCGGGG,0.6742175817489624,0.13435215371853818,0.024188995301047164,4,0.2066332917224129,0.0006715258837470623
225,GGTGAGTGAGTGTGTGCGTGNGG,AGTGAGTGAGTGTGTGTGTGTGA,0.6742175817489624,0.6225652005599038,0.7063226518353418,2,0.4545693475394188,0.19988864442074689
226,GGTGAGTGAGTGTGTGCGTGNGG,TGTGAGTGAGTGTGTGTGTGTGA,0.6742175817489624,0.5796332276233218,0.7063226518353418,2,0.4545693475394188,0.18610436308782993
227,GGTGAGTGAGTGTGTGCGTGNGG,GGAGAGTGAGTGTGTGCATGTGC,0.6742175817489624,0.6828284416422882,0.3664125572237141,2,0.4545693475394188,0.11373184861122448
228,GGTGAGTGAGTGTGTGCGTGNGG,GGTGTGTGGGTGGGGGTGTGTGG,0.6742175817489624,0.02243045433587059,0.004344434106172144,5,0.13931579825391313,1.3575994477548585e-05
229,GGTGAGTGAGTGTGTGCGTGNGG,AGGGAGTGAGTGTGAGAGTGCGG,0.6742175817489624,0.1994380066914816,0.11653779812373304,4,0.2066332917224129,0.004802584637486565
230,GGTGAGTGAGTGTGTGCGTGNGG,TGTGAGAGAGTGTGTGTGTGGAG,0.6742175817489624,0.4425439808712787,0.2335214658640687,3,0.3064786462352306,0.03167258183781211
231,GGTGAGTGAGTGTGTGCGTGNGG,GGTGAGAGAGTGTGTGCACGGGG,0.6742175817489624,0.28127364775569713,0.06248356577013038,3,0.3064786462352306,0.005386356221733674
232,GGTGAGTGAGTGTGTGCGTGNGG,GGGGGGTGAGTGTGTGTGTGGGG,0.6742175817489624,0.37400949695928287,0.11474524885838461,3,0.3064786462352306,0.013152780210252091
233,GGTGAGTGAGTGTGTGCGTGNGG,TGTGAGAGAGAGTGTGCGTGTGG,0.6742175817489624,0.6203025628124593,0.24263009339206212,3,0.3064786462352306,0.04612628324232829
234,GAGTCCGAGCAGAAGAAGAANGG,GAGTCCGAGCAGAAGAAGAAGGG,0.7849909067153931,1.0,1.0,0,1.0,1.0
235,GAGTCCGAGCAGAAGAAGAANGG,GAGTTAGAGCAGAAGAAGAAAGG,0.7849909067153931,0.8437802933854897,0.44162543298782314,2,0.6162107236258549,0.22962158281044248
236,GAGTCCGAGCAGAAGAAGAANGG,GAGTCTAAGCAGAAGAAGAAGAG,0.7849909067153931,0.9844121957121937,0.4155806261856236,2,0.6162107236258549,0.2520934318097605
237,GAGTCCGAGCAGAAGAAGAANGG,GAGGCCGAGCAGAAGAAAGACGG,0.7849909067153931,0.28284162378525585,0.05963055192687931,3,0.48371981466680836,0.008158419426529843
238,GAGTCCGAGCAGAAGAAGAANGG,GAGTCCTAGCAGGAGAAGAAGAG,0.7849909067153931,0.5650471834729025,0.3032819607070207,2,0.6162107236258549,0.10559917991699375
239,GAGTCCGAGCAGAAGAAGAANGG,AAGTCTGAGCACAAGAAGAATGG,0.7849909067153931,0.7408324861971015,0.24294816807232275,3,0.48371981466680836,0.08706177651141088
240,GAGTCCGAGCAGAAGAAGAANGG,GAGTCCGGGAAGGAGAAGAAAGG,0.7849909067153931,0.22909806179719047,0.1041993535874588,3,0.48371981466680836,0.011547296506709836
241,GAGTCCGAGCAGAAGAAGAANGG,GAGCCGGAGCAGAAGAAGGAGGG,0.7849909067153931,0.20169818521793195,0.16237908023094735,3,0.48371981466680836,0.015842581338794296
242,GAGTCCGAGCAGAAGAAGAANGG,AAGTCCGAGGAGAGGAAGAAAGG,0.7849909067153931,0.1576428356059549,0.1822998838074434,3,0.48371981466680836,0.01390127093526873
243,GAGTCCGAGCAGAAGAAGAANGG,GAATCCAAGCAGGAGAAGAAGGA,0.7849909067153931,0.5849664348261517,0.14482672083088122,3,0.48371981466680836,0.04098014799021473
244,GAGTCCGAGCAGAAGAAGAANGG,ACGTCTGAGCAGAAGAAGAATGG,0.7849909067153931,1.1650491974462727,0.3324492485497685,3,0.48371981466680836,0.18735422811616786
245,GAGTCCGAGCAGAAGAAGAANGG,GAGTAGGAGCAGGAGAAGAAGGA,0.7849909067153931,0.45572546755173876,0.1670869519030146,3,0.48371981466680836,0.03683322223991528
246,GAGTCCGAGCAGAAGAAGAANGG,AAGTCCCGGCAGAGGAAGAAGGG,0.7849909067153931,0.19758119915898023,0.10643570570539189,4,0.3797156559114998,0.007985304190033276
247,GAGTCCGAGCAGAAGAAGAANGG,TCATCCAAGCAGAAGAAGAAGAG,0.7849909067153931,0.8512322614300377,0.2352619657304052,4,0.3797156559114998,0.07604283506514177
248,GAGTCCGAGCAGAAGAAGAANGG,GAGTCTAAGCAGGAGAATAAAGG,0.7849909067153931,0.3496895850049079,0.034343019950379125,4,0.3797156559114998,0.0045601558289489075
249,GAGTCCGAGCAGAAGAAGAANGG,GAGCACGAGCAAGAGAAGAAGGG,0.7849909067153931,0.3906425583876057,0.04602312433200674,4,0.3797156559114998,0.006826752486857379
250,GGAATCCCTTCTGCAGCACCNGG,GGAATCCCTTCTGCAGCACCTGG,0.5447568893432617,1.0,1.0,0,1.0,1.0
251,GGAATCCCTTCTGCAGCACCNGG,GGAACCCCGTCTGCAGCACCAGG,0.5447568893432617,0.6720684700390358,0.3309671321370943,2,0.2967600684869467,0.06600910593212654
252,GGAATCCCTTCTGCAGCACCNGG,GGAGTCCCTCCTACAGCACCAGG,0.5447568893432617,0.678378009061517,0.11894753362279824,3,0.16166209179024238,0.013044739065283709
253,GGAATCCCTTCTGCAGCACCNGG,AGAGGCCCCTCTGCAGCACCAGG,0.5447568893432617,0.7332478714855949,0.10454227629670422,4,0.08806653824837729,0.006750775854733371
254,GGAATCCCTTCTGCAGCACCNGG,ACCATCCCTCCTGCAGCACCAGG,0.5447568893432617,0.4277193333801184,0.2650957995784499,4,0.08806653824837729,0.009985565229291104
255,GGAATCCCTTCTGCAGCACCNGG,GGATTGCCATCCGCAGCACCTGG,0.5447568893432617,0.45026234517903796,0.04757299961529951,4,0.08806653824837729,0.0018864143441735361
256,GGAATCCCTTCTGCAGCACCNGG,TGAATCCCATCTCCAGCACCAGG,0.5447568893432617,0.5306893322949401,0.2510666212231207,3,0.16166209179024238,0.021539594826069472
257,GGAATCCCTTCTGCAGCACCNGG,GGAGTCCCTCCTACAGCACCAGG,0.5447568893432617,0.678378009061517,0.11894753362279824,3,0.16166209179024238,0.013044739065283709
258,GGAATCCCTTCTGCAGCACCNGG,GGAGTCCCTCCTGCAGCACCTGA,0.5447568893432617,0.6800109997705484,0.38914577186752936,2,0.2967600684869467,0.07852965990504063
259,GTCATCTTAGTCATTACCTGNGG,GTCATCTTAGTCATTACCTGAGG,0.5920541286468506,1.0,1.0,0,1.0,1.0
260,GGGAAAGACCCAGCATCCGTNGG,GGGAAAGACCCAGCATCCGTGGG,0.7016894817352295,1.0,1.0,0,1.0,1.0
261,GGGAAAGACCCAGCATCCGTNGG,GGGAAAGTCCCAGCATCCTTTGG,0.7016894817352295,0.3349555987740317,0.28428326757182665,2,0.49236812877785496,0.046884411937248835
262,GGGAAAGACCCAGCATCCGTNGG,GGGAAAAGCCCAGCATCCCTTGG,0.7016894817352295,0.41741384305487084,0.12823144660297392,3,0.3454895371050778,0.018492528177760946
263,GGGAAAGACCCAGCATCCGTNGG,GGGAAGGACCCAGCATCCTGGGG,0.7016894817352295,0.22627603098280596,0.08221190601570218,3,0.3454895371050778,0.006426998063520649
264,GGGAAAGACCCAGCATCCGTNGG,GGGAAATACCCAGCATCCAATGG,0.7016894817352295,0.33326642606534085,0.063644390538533,3,0.3454895371050778,0.007328019153640473
265,GGGAAAGACCCAGCATCCGTNGG,CAAGAAGACCCAGCTTCCGTAGG,0.7016894817352295,0.12287222388550413,0.1899969772822361,5,0.17010803689675444,0.003971231851422382
266,GGGAAAGACCCAGCATCCGTNGG,GAGAAAAGCCCAGCATCCTTAGG,0.7016894817352295,0.4448063902906192,0.06972143493582109,4,0.24242637423620636,0.007518257579493643
267,GGGAAAGACCCAGCATCCGTNGG,GGAAAAGACCAAGCATCAGTGGG,0.7016894817352295,0.3748944225956802,0.11438546144064696,3,0.3454895371050778,0.014815445235412011
268,GGGAAAGACCCAGCATCCGTNGG,ATGAAAGACCCAGCATCCATTGA,0.7016894817352295,0.8574932385703601,0.43075929007886044,3,0.3454895371050778,0.1276145685260182
269,GGGAAAGACCCAGCATCCGTNGG,GGGAAGGACCCAGCATTCCTGGG,0.7016894817352295,0.31296918196614076,0.05705258825395821,3,0.3454895371050778,0.006168958175442828
270,GAACACAAAGCATAGACTGCNGG,GAACACAAAGCATAGACTGCGGG,0.6995836496353149,1.0,1.0,0,1.0,1.0
271,GAACACAAAGCATAGACTGCNGG,GAACACAATGCATAGATTGCCGG,0.6995836496353149,0.35880156479889497,0.3080140722148325,2,0.4894172828370671,0.05408840670464916
272,GAACACAAAGCATAGACTGCNGG,AAACATAAAGCATAGACTGCAAA,0.6995836496353149,1.1582375302059018,0.5037504974793073,2,0.4894172828370671,0.2855567449519177
273,GGCCCAGACTGAGCACGTGANGG,GGCCCAGACTGAGCACGTGATGG,0.7390941381454468,1.0,1.0,0,1.0,1.0
274,GGCCCAGACTGAGCACGTGANGG,CACCCAGACTGAGCACGTGCTGG,0.7390941381454468,0.4728207174314584,0.48829344488722104,3,0.40373767110225567,0.09321303854750974
275,GGCCCAGACTGAGCACGTGANGG,GACACAGACTGGGCACGTGAGGG,0.7390941381454468,0.48814329350144825,0.2683461315600244,3,0.40373767110225567,0.052886148420813316
276,GGCCCAGACTGAGCACGTGANGG,AGCTCAGACTGAGCAAGTGAGGG,0.7390941381454468,0.7477179630964772,0.30984683934863644,3,0.40373767110225567,0.09353715537936036
277,GGCCCAGACTGAGCACGTGANGG,AGACCAGACTGAGCAAGAGAGGG,0.7390941381454468,0.3677546847589283,0.09417294172401783,4,0.2984001460601715,0.010334355142601476
278,GGCCCAGACTGAGCACGTGANGG,GAGCCAGAATGAGCACGTGAGGG,0.7390941381454468,0.5905261782529707,0.29044492137489514,3,0.40373767110225567,0.06924719965533953
279,GGCACTGCGGCTGGAGGTGGNGG,TGCACTGCGGCCGGAGGAGGTGG,0.9153214693069458,0.5281799195014326,0.18459610485487146,3,0.766868585129949,0.07476965315651415
280,GGCACTGCGGCTGGAGGTGGNGG,GGCTCTGCGGCTGGAGGGGGTGG,0.9153214693069458,0.17951189717946697,0.3092091673592845,2,0.8378133921742261,0.04650427693903122
281,GGCACTGCGGCTGGAGGTGGNGG,GGCACGACGGCTGGAGGTGGGGG,0.9153214693069458,0.7323453536812976,0.4155806261856236,2,0.8378133921742261,0.2549872832594994
282,GGCACTGCGGCTGGAGGTGGNGG,GGCATCACGGCTGGAGGTGGAGG,0.9153214693069458,0.8191425124645954,0.14875600886668713,3,0.766868585129949,0.09344475522637098
283,GGCACTGCGGCTGGAGGTGGNGG,GGCACTGCGGCTGGAGGTGGGGG,0.9153214693069458,1.0,1.0,0,1.0,1.0
284,GGCACTGCGGCTGGAGGTGGNGG,GGCGCTGCGGCGGGAGGTGGAGG,0.9153214693069458,0.3450265905739505,0.4043835631132616,2,0.8378133921742261,0.11689430667157659
285,GGCACTGCGGCTGGAGGTGGNGG,GGCACTGAGACTGGGGGTGGGGG,0.9153214693069458,0.5934206666153163,0.06424503479748203,3,0.766868585129949,0.02923635206152708
286,GGCACTGCGGCTGGAGGTGGNGG,AGCAGTGCGGCTAGAGGTGGTGG,0.9153214693069458,0.8105661617252558,0.28687573455587473,3,0.766868585129949,0.1783213041287456
287,GGCACTGCGGCTGGAGGTGGNGG,GGCACTGCTGCTGGGGGTGGTGG,0.9153214693069458,0.5157599849707689,0.2771164139173283,2,0.8378133921742261,0.11974494613832723
288,GGCACTGCGGCTGGAGGTGGNGG,GGCACTGGGGCTGGGGGAGGGGG,0.9153214693069458,0.2628180457880769,0.033647731318661715,3,0.766868585129949,0.006781596037564617
289,GGCACTGCGGCTGGAGGTGGNGG,GGCACTGGGGTTGGAGGTGGGGG,0.9153214693069458,0.327986588372259,0.3779612692198995,2,0.8378133921742261,0.1038605653491693
290,GGCACTGCGGCTGGAGGTGGNGG,AGGACTGCGGCTGGGGGTGGTGG,0.9153214693069458,0.6543681542106226,0.48627163519544725,3,0.766868585129949,0.24401809940611321
291,GGCACTGCGGCTGGAGGTGGNGG,GGCACTGAGGGTGGAGGTGGGGG,0.9153214693069458,0.15915901402518084,0.3779612692198995,2,0.8378133921742261,0.05039945462132738
292,GGCACTGCGGCTGGAGGTGGNGG,GACACCACGGCTGGAGATGGTGG,0.9153214693069458,0.8602227778737334,0.05714062947226821,4,0.7019312801064836,0.034502499216851945
293,GGCACTGCGGCTGGAGGTGGNGG,GGCACTGTGGCTGCAGGTGGAGG,0.9153214693069458,0.2541063710734311,0.2580901110454531,2,0.8378133921742261,0.05494576402205007
294,GGCACTGCGGCTGGAGGTGGNGG,AGCACTGTGGCTGGGGGAGGGGG,0.9153214693069458,0.3666871843221701,0.04489066738738402,4,0.7019312801064836,0.011554373176837739
295,GGCACTGCGGCTGGAGGTGGNGG,GGCAATGTGGCTGAAGGTGGGGG,0.9153214693069458,0.45463327762642963,0.08414745602471693,3,0.766868585129949,0.0293375038378666
296,GGCACTGCGGCTGGAGGTGGNGG,GGCACAGCAGCTGGAGGTGCTGG,0.9153214693069458,0.6416040210638113,0.1513843635841574,3,0.766868585129949,0.0744850380093807
297,GGCACTGCGGCTGGAGGTGGNGG,GCCACTGGGGCTGGGGGTGGGGG,0.9153214693069458,0.41530952915552316,0.21534025831004636,3,0.766868585129949,0.0685832517992648
298,GGCACTGCGGCTGGAGGTGGNGG,TGCACTGTGGCTGGAGATGGGGG,0.9153214693069458,0.6842200577391192,0.33630070854659855,3,0.766868585129949,0.17645929135177765
299,GGCACTGCGGCTGGAGGTGGNGG,GGCTCTGTGGCTGGAGGAGGTGG,0.9153214693069458,0.24111630704310927,0.09776529820880014,3,0.766868585129949,0.01807724565858839
300,GGCACTGCGGCTGGAGGTGGNGG,GCCACTGCAGCTAGAGGTGGAGG,0.9153214693069458,0.8198696131493346,0.20854629009365933,3,0.766868585129949,0.1311197782470518
301,GGCACTGCGGCTGGAGGTGGNGG,GGCACTGCGGGTGGAGGCGGGGG,0.9153214693069458,0.12376128115501916,0.2528620467835993,2,0.8378133921742261,0.02621897706085741
302,GGCACTGCGGCTGGAGGTGGNGG,AGCACTGTGCCTGGGGGTGGGGG,0.9153214693069458,0.5372023056434935,0.07203560884048259,4,0.7019312801064836,0.027163122699102572
303,GGCACTGCGGCTGGAGGTGGNGG,GGCAATGCGGCTGGAGGCGGAGG,0.9153214693069458,0.506023445742093,0.3843030491900418,2,0.8378133921742261,0.16292651500501384
304,GGCACTGCGGCTGGAGGTGGNGG,GAGGCTGCGGCTGGGGGTGGAGG,0.9153214693069458,0.49662508736662053,0.20379954953835688,4,0.7019312801064836,0.07104384702878583
305,GGCACTGCGGCTGGAGGTGGNGG,GGCTCCGCAGCTGGAGGTGGGGG,0.9153214693069458,0.5829472757664172,0.11870978813548981,3,0.766868585129949,0.0530684928971157
306,GGCACTGCGGCTGGAGGTGGNGG,AGCACTGTGGCTGGGGGAGGCGG,0.9153214693069458,0.3666871843221701,0.04489066738738402,4,0.7019312801064836,0.011554373176837739
307,GGCACTGCGGCTGGAGGTGGNGG,GTCACTGCAGCTGGAGGAGGGGG,0.9153214693069458,0.5052075508896989,0.1894418154251145,3,0.766868585129949,0.07339502573037152
308,GGCACTGCGGCTGGAGGTGGNGG,GGCTCTGAGGCCAGAGGTGGTGG,0.9153214693069458,0.4503476149931759,0.03556930558565662,4,0.7019312801064836,0.011243922666916234
309,GGCACTGCGGCTGGAGGTGGNGG,AGCACGGCAGCTGGAGGAGGGGG,0.9153214693069458,0.44813496603567815,0.08670388751257094,4,0.7019312801064836,0.02727357055283163
310,GGCACTGCGGCTGGAGGTGGNGG,AGCACTGCAGCTGGGAGTGGAGG,0.9153214693069458,0.7640556366386102,0.08134031096738321,4,0.7019312801064836,0.043623992362669395
311,GGCACTGCGGCTGGAGGTGGNGG,GGGACTGCGGCTGGAGGTGGGAA,0.9153214693069458,0.7269018885290494,1.0,1,0.9153214693069458,0.6653489046504032
312,GGCACTGCGGCTGGAGGTGGNGG,GGCACTGCTGCTAGAGGTGCAGG,0.9153214693069458,0.4150023559165014,0.07096375528476202,3,0.766868585129949,0.022584376172134962
313,GGCACTGCGGCTGGAGGTGGNGG,GGCTGTGCGGCCAGAGGTGGAGG,0.9153214693069458,0.40070548807070294,0.04602312433200674,4,0.7019312801064836,0.012944819072661333
314,GGCACTGCGGCTGGAGGTGGNGG,GACACTGAGGCAGGAGGTGGGGG,0.9153214693069458,0.6561816788505231,0.22636337207960122,3,0.766868585129949,0.11390720682585383
315,GGCACTGCGGCTGGAGGTGGNGG,GGCACAATGGCTGGAGGTGAAGG,0.9153214693069458,0.6973984158536696,0.06109075728371885,4,0.7019312801064836,0.029905499558389118
316,GGCACTGCGGCTGGAGGTGGNGG,AGCACTGGGGCTGGGGGAGGGGG,0.9153214693069458,0.29645266170233137,0.04489066738738402,4,0.7019312801064836,0.009341271877028818
317,GGCACTGCGGCTGGAGGTGGNGG,GACACCGTGACTGGAGGTGGAGG,0.9153214693069458,0.7363044023041875,0.0756760406337895,4,0.7019312801064836,0.039112033397235055
318,GGCACTGCGGCTGGAGGTGGNGG,GGCACTGCCACTGGGGGTGAGGG,0.9153214693069458,0.3535403643056699,0.022254019291238915,4,0.7019312801064836,0.005522580582318077
319,GGCACTGCGGCTGGAGGTGGNGG,CACACTGCAGCTGGAGGTGGTGG,0.9153214693069458,1.0555643830591126,0.42478552071576775,3,0.766868585129949,0.34385502859189704
320,GGCACTGCGGCTGGAGGTGGNGG,AGCACTGCAGATGGAGGAGGCGG,0.9153214693069458,0.41816846403472635,0.08687357478540851,4,0.7019312801064836,0.025499611670105924
321,GGCACTGCGGCTGGAGGTGGNGG,GGCTCTGTGGCCGGAGGAGGCGG,0.9153214693069458,0.22713620568117474,0.030059546718595585,4,0.7019312801064836,0.004792514000355353
322,GGCACTGCGGCTGGAGGTGGNGG,GGCACTTCGGTTGGGGGTGGGGG,0.9153214693069458,0.33031886692342527,0.05459661820085402,3,0.766868585129949,0.013829932804241787
323,GGCACTGCGGCTGGAGGTGGNGG,GCCACTGCGACTGGAGGAGGGGG,0.9153214693069458,0.41369963822855504,0.10915893823559644,3,0.766868585129949,0.034631028602627865
324,GGCACTGCGGCTGGAGGTGGNGG,GGCGCTGCGGCCGGAGGTGGGGC,0.9153214693069458,0.7758891430728443,0.4043835631132616,2,0.8378133921742261,0.2628696625458045
325,GGCACTGCGGCTGGAGGTGGNGG,CCCACTGGGGCTGGAGGTGGGGG,0.9153214693069458,0.5425314305609771,0.4520724036307803,3,0.766868585129949,0.18808486391842685
326,GGCACTGCGGCTGGAGGTGGNGG,GGCACTGCAGCCTGGGGGTGGGG,0.9153214693069458,0.06949017957030416,0.00018301991369645338,6,0.5880874268592099,7.47934686298489e-06
327,GGCACTGCGGCTGGAGGTGGNGG,GGTACTCTGGCTGGAGGTGGTGG,0.9153214693069458,0.46799147184038764,0.14635248178858318,3,0.766868585129949,0.052524143317304144
328,GGCACTGCGGCTGGAGGTGGNGG,GGAACTGTGGCTGGAGGTGGCAG,0.9153214693069458,0.6790596443290121,0.3365164775670786,2,0.8378133921742261,0.19145272587516876
329,GGCACTGCGGCTGGAGGTGGNGG,GCCACAGCGGCCGGAGGTGGCAG,0.9153214693069458,0.8131769082042802,0.20455615505234098,3,0.766868585129949,0.1275611825045557
330,GGCACTGCGGCTGGAGGTGGNGG,GCCACTGTGGCTGGAGGTGGGGA,0.9153214693069458,0.6436741786556868,0.5102619689977657,2,0.8378133921742261,0.275173486347069
331,GGCACTGCGGCTGGAGGTGGNGG,GGCACGGAGGCTGGAAGTGGGGG,0.9153214693069458,0.5388294538583659,0.09023652360574128,3,0.766868585129949,0.037286758527349126
332,GGCACTGCGGCTGGAGGTGGNGG,GGCACTGGGGCAGGAGATGGGGG,0.9153214693069458,0.4107608929195109,0.09776363480487828,3,0.766868585129949,0.030795508280655814
333,GGCACTGCGGCTGGAGGTGGNGG,GGCACTGAATCTGGAGGTGGGGG,0.9153214693069458,0.7175061556852179,0.16158798123925078,3,0.766868585129949,0.08891102843992088
334,GGCACTGCGGCTGGAGGTGGNGG,GTCACTGCGGCTGCAGATGGCGG,0.9153214693069458,0.2762794486639439,0.09671814736404628,3,0.766868585129949,0.020491676773641724
335,GGCACTGCGGCTGGAGGTGGNGG,GGCTCTTCGGCTGGAGGTAGCGG,0.9153214693069458,0.3605759596732084,0.11778593250520063,3,0.766868585129949,0.032569503631371094
336,GGCACTGCGGCTGGAGGTGGNGG,TGGACTGCGGCTGGAGAGGGAGG,0.9153214693069458,0.1976932086148022,0.08482941005437353,4,0.7019312801064836,0.01177152673126343
337,GGCACTGCGGCTGGAGGTGGNGG,GGTACAGCGGCTGGGGGAGGCGG,0.9153214693069458,0.423196589957338,0.022846285191307585,4,0.7019312801064836,0.006786601514052333
338,GGCACTGCGGCTGGAGGTGGNGG,GGCACCGCGGCCGGAGCTGTGGG,0.9153214693069458,0.13753313206606443,0.016185449018591695,4,0.7019312801064836,0.0015625239462682657
339,GGCACTGCGGCTGGAGGTGGNGG,GGCACAGCAGGTGGAGGTGGAGG,0.9153214693069458,0.19595212878206703,0.11726810815696588,3,0.766868585129949,0.01762182370222596
340,GGCACTGCGGCTGGAGGTGGNGG,AGCACTGTAGCAAGAGGTGGAGG,0.9153214693069458,0.6521881376768123,0.03068130135532398,5,0.6424927706595719,0.01285626800017304
341,GGCACTGCGGCTGGAGGTGGNGG,GGCACTGAGACCAGAGGTGGTGG,0.9153214693069458,0.6987665182228654,0.028314875246361174,4,0.7019312801064836,0.013888052069904481
342,GGCACTGCGGCTGGAGGTGGNGG,GACACTGCAGCTGGAGGTGGGGT,0.9153214693069458,1.0124778579793399,0.49073905728800965,2,0.8378133921742261,0.4162779975450157
343,GGCACTGCGGCTGGAGGTGGNGG,GACACAACGGCAGGAGGTGGCGG,0.9153214693069458,0.7950667947986528,0.08030801535773824,4,0.7019312801064836,0.04481847814827264
344,GGCACTGCGGCTGGAGGTGGNGG,GGCGCTGCGGCTGGAGCCGGCGG,0.9153214693069458,0.09996983423589505,0.0550084125783565,3,0.766868585129949,0.004217149833085092
345,GGCACTGCGGCTGGAGGTGGNGG,CAGACTGCGGCAGGGGGTGGCGG,0.9153214693069458,0.49021909794776425,0.10099286136920797,5,0.6424927706595719,0.031808936474492
346,GGCACTGCGGCTGGAGGTGGNGG,GACACAGTGGCTGGAGGTGTGGG,0.9153214693069458,0.6077310989512236,0.08052829186859714,4,0.7019312801064836,0.03435219909392498
347,GGCACTGCGGCTGGAGGTGGNGG,GTAACTGCGGCTGGCGGTGGTGG,0.9153214693069458,0.19651726394534974,0.46823466287348636,3,0.766868585129949,0.07056432914006522
348,GGCACTGCGGCTGGAGGTGGNGG,GGCACTCTGGCTGGAGCTGGGGG,0.9153214693069458,0.09295461981009442,0.1425040004721884,3,0.766868585129949,0.010158252002516537
349,GGCACTGCGGCTGGAGGTGGNGG,GGCCCTGGGGCTGGAGGTGTTGG,0.9153214693069458,0.2662907295755809,0.13220917971588736,3,0.766868585129949,0.026998435931756125
350,GGCACTGCGGCTGGAGGTGGNGG,AGCACTGGGGATGGAGGTGTAGG,0.9153214693069458,0.37147388377791035,0.1121791170768026,4,0.7019312801064836,0.029250608165346467
351,GGCACTGCGGCTGGAGGTGGNGG,AACACTGTGGCCGGGGGTGGTGG,0.9153214693069458,0.6724636232075071,0.052978318687669106,5,0.6424927706595719,0.022889442395052383
352,GGCACTGCGGCTGGAGGTGGNGG,GGCAGGGCGGCTGGAGGAGGTGG,0.9153214693069458,0.29378010274918454,0.15302288686879553,3,0.766868585129949,0.03447463815481158
353,GGCACTGCGGCTGGAGGTGGNGG,GGGGCTGCGGCCGGAGGTGGTGG,0.9153214693069458,0.5639952833888363,0.22056033747169107,3,0.766868585129949,0.0953946100066858
354,GGCACTGCGGCTGGAGGTGGNGG,GGCACTGCAGACGGAGGTGTGGG,0.9153214693069458,0.4899493150283129,0.035559557740086845,4,0.7019312801064836,0.012229314167976436
355,GGCACTGCGGCTGGAGGTGGNGG,TACACTGCGGCCGGGAGTGGTGG,0.9153214693069458,0.7149920686328393,0.0421082068340033,5,0.6424927706595719,0.019343551633603864
356,GGCACTGCGGCTGGAGGTGGNGG,GGCACTGTGGCAAGAGGTGGGAG,0.9153214693069458,0.5935454338372536,0.0772296371838927,3,0.766868585129949,0.0351527179897248
357,GGCACTGCGGCTGGAGGTGGNGG,GCCACCGCGGCAGGAGGCGGAGG,0.9153214693069458,0.4187110303658545,0.05812504686813307,4,0.7019312801064836,0.017083321504320986
358,GGCACTGCGGCTGGAGGTGGNGG,GGCACTGGGGCTGGGGGTGCAGG,0.9153214693069458,0.31688009827099906,0.06492881963867961,3,0.766868585129949,0.01577805330845054
359,GGCACTGCGGCTGGAGGTGGNGG,GGCACTGCGGGAGGAGGTGGGCG,0.9153214693069458,0.15331281561859159,0.24770416018792896,2,0.8378133921742261,0.03181698757589323
360,GGCACTGCGGCTGGAGGTGGNGG,GGCGCAGCGGCTGGAGGAGGTGC,0.9153214693069458,0.44993360525502085,0.11702486163830439,3,0.766868585129949,0.04037825208829663
361,GGCACTGCGGCTGGAGGTGGNGG,GGCCCTGCGGCTGGAGATATGGG,0.9153214693069458,0.28851262626137997,0.008261775654408174,4,0.7019312801064836,0.0016731420647626547
362,GGCACTGCGGCTGGAGGTGGNGG,AGCACAGCGGCTGGAGAAGGCAG,0.9153214693069458,0.5261869028437783,0.05958421271464815,4,0.7019312801064836,0.022007252971574978
363,GGCACTGCGGCTGGAGGTGGNGG,TGCACTGCAGCTGCAGGTGGAGG,0.9153214693069458,0.3407273835678204,0.2097514323441148,3,0.766868585129949,0.054806607555887746
364,GGCACTGCGGCTGGAGGTGGNGG,GGCACTGCAGCAGGGGATGGGGG,0.9153214693069458,0.5177242800693046,0.009946000627889005,4,0.7019312801064836,0.0036144449238925546
365,GGCACTGCGGCTGGAGGTGGNGG,AGCACTGCGCTTGGGGGTGGGGG,0.9153214693069458,0.3744058113890605,0.04484591263625418,4,0.7019312801064836,0.01178582651005424
366,GGCACTGCGGCTGGAGGTGGNGG,GGAACGGCGGCCGGAGGTGTAGG,0.9153214693069458,0.479735658383343,0.04825751737118551,4,0.7019312801064836,0.016250307087268743
367,GGCACTGCGGCTGGAGGTGGNGG,GGCACTGGGGCTGGAGACGGGGG,0.9153214693069458,0.3315854199858137,0.06550986298316581,3,0.766868585129949,0.016658007926206347
368,GGCACTGCGGCTGGAGGTGGNGG,GGCACTGAGAAAGGAGGTGGAGG,0.9153214693069458,0.4133306427456428,0.03717303353631806,4,0.7019312801064836,0.010785001334500829
369,GGCACTGCGGCTGGAGGTGGNGG,GACACTAGGGCAGGAGGTGGAGG,0.9153214693069458,0.4792962946894682,0.09311746011919705,4,0.7019312801064836,0.03132779220392254
370,GGCACTGCGGCTGGAGGTGGNGG,GGCACTACAGCTGGAGGTGGCAA,0.9153214693069458,0.9338954926686249,0.4383562297056227,2,0.8378133921742261,0.3429831308464633
371,GGCACTGCGGCTGGAGGTGGNGG,GACACTGTGGCTGGAAGTGGAAG,0.9153214693069458,0.6909116652363763,0.22338485523394427,3,0.766868585129949,0.11835788571189765
372,GGCACTGCGGCTGGAGGTGGNGG,GGCACTGGGTCTGAAGGTGGAGG,0.9153214693069458,0.41601657779128864,0.06863406425781214,3,0.766868585129949,0.02189632856761896
373,GGCACTGCGGCTGGAGGTGGNGG,GGCACAGGGGCTGAAGGTGATGG,0.9153214693069458,0.4359777926136338,0.023705145625739776,4,0.7019312801064836,0.007254401564173221
374,GGCACTGCGGCTGGAGGTGGNGG,CCCACTGTGGCTGGAGGTGTGGG,0.9153214693069458,0.5026423133175453,0.19660060978726462,4,0.7019312801064836,0.0693646983976604
375,GGCACTGCGGCTGGAGGTGGNGG,TGCTCTGCGGCAGGAGGAGGAGG,0.9153214693069458,0.25882223493276696,0.08008218590425493,4,0.7019312801064836,0.014548964973804632
376,GGCACTGCGGCTGGAGGTGGNGG,AGCACAGAGGCTGGAGGTGGGGT,0.9153214693069458,0.9343514514958403,0.2436650761956098,3,0.766868585129949,0.17459206404815453
377,GGCACTGCGGCTGGAGGTGGNGG,GGCAGTCCGGATGGAGGTGGGGG,0.9153214693069458,0.3244635809209156,0.11093000364966164,3,0.766868585129949,0.027601706365405442
378,GGCACTGCGGCTGGAGGTGGNGG,AAGACTGGGGCTGGAGGTGGGGG,0.9153214693069458,0.5256519094459456,0.26898368349400664,4,0.7019312801064836,0.09924731793204117
379,GGCACTGCGGCTGGAGGTGGNGG,GACACTAAGGCTGGAGGTGGGGA,0.9153214693069458,0.806680120907381,0.22008823280223253,3,0.766868585129949,0.13615046382214382
380,GGCACTGCGGCTGGAGGTGGNGG,GGCACTGCGGCCAGAGGGAGCGG,0.9153214693069458,0.22303066804263083,0.004149338599219126,4,0.7019312801064836,0.0006495880958881341
381,GGCACTGCGGCTGGAGGTGGNGG,GGCAGTGCGGCTGGAGCTGCGGG,0.9153214693069458,0.08940179283708222,0.05419201839016749,3,0.766868585129949,0.0037153736952614154
382,GGCACTGCGGCTGGAGGTGGNGG,GGCACTGAGGCCGGAGGAGGAAG,0.9153214693069458,0.4071630248955845,0.0740174906185365,3,0.766868585129949,0.023111260708650296
383,GGCACTGCGGCTGGAGGTGGNGG,GGCACTGGGAATGGAGGTTGGGG,0.9153214693069458,0.2938766887637621,0.03105708232265617,4,0.7019312801064836,0.006406493462778323
384,GGCACTGCGGCTGGAGGTGGNGG,GGCACTGGGGCAGGAGTTGGGGG,0.9153214693069458,0.1960411356362545,0.09776363480487828,3,0.766868585129949,0.014697568633970318
385,GGCACTGCGGCTGGAGGTGGNGG,AGCTCTGTGGCTGGAGGTGTGAG,0.9153214693069458,0.38156367398843377,0.11386948141503435,4,0.7019312801064836,0.030497831520697002
386,GGCACTGCGGCTGGAGGTGGNGG,GGCCCTGCGGCCGGGGGTGGAGA,0.9153214693069458,0.43332401162689893,0.06428156574754113,3,0.766868585129949,0.021360929610756137
387,GGCACTGCGGCTGGAGGTGGNGG,AGCACTGGGGCCAGAGGTGAGGG,0.9153214693069458,0.6092868307949078,0.018042801614233814,5,0.6424927706595719,0.0070630781347374725
388,GGCACTGCGGCTGGAGGTGGNGG,AGCACAGCAGCTGCAGGTGGGGG,0.9153214693069458,0.37444983865490694,0.06987381672627319,4,0.7019312801064836,0.018365498054602126
389,GGCACTGCGGCTGGAGGTGGNGG,AGCACCGCTGCTGGGGGCGGGGG,0.9153214693069458,0.37024545507540396,0.0181019916825906,5,0.6424927706595719,0.0043061022929356645
390,GGCACTGCGGCTGGAGGTGGNGG,AGCACTGCAGCGGGAGGTGAGAG,0.9153214693069458,0.428925748141371,0.09350894342897029,4,0.7019312801064836,0.028153336005230834
391,GGCACTGCGGCTGGAGGTGGNGG,TGCACCGCGGCTGGGGCTGGAGG,0.9153214693069458,0.1633685958232927,0.06609332696723078,4,0.7019312801064836,0.007579154953851347
392,GGCACTGCGGCTGGAGGTGGNGG,GGCACCGAGGCCGGAGGTGCTGG,0.9153214693069458,0.49629674487170017,0.03918199971656065,4,0.7019312801064836,0.013649684719555938
393,GGCACTGCGGCTGGAGGTGGNGG,GGCACCTTGGCTGAAGGTGGGGG,0.9153214693069458,0.4450605568478385,0.041147978570390646,4,0.7019312801064836,0.012854707772572353
394,GGCACTGCGGCTGGAGGTGGNGG,CAGGCTGCGCCTGGAGGTGGGGG,0.9153214693069458,0.5074313513397203,0.1281117285627795,5,0.6424927706595719,0.04176711063470385
395,GGCACTGCGGCTGGAGGTGGNGG,AGAACTGCTGCTGGAGGTGGTGG,0.9153214693069458,0.6488042369912673,0.3329464884419619,3,0.766868585129949,0.16565672200692877
396,GGCACTGCGGCTGGAGGTGGNGG,GGCGCTGCGGCCCGAGGGGGTGG,0.9153214693069458,0.11500109540372772,0.01885831143582717,4,0.7019312801064836,0.0015222969491022463
397,GGCACTGCGGCTGGAGGTGGNGG,AGCACAGCGACTGAAGGTGAGGG,0.9153214693069458,0.7322687039910806,0.021250368173708182,5,0.6424927706595719,0.00999781687289863
398,GGCACTGCGGCTGGAGGTGGNGG,AGCACCATGGCTAGAGGTGTGGG,0.9153214693069458,0.6232445244532804,0.011865350122825882,6,0.5880874268592099,0.004348915045817195
399,GGCACTGCGGCTGGAGGTGGNGG,GCCACTGGGGCTGGAGGGGGAGG,0.9153214693069458,0.15781262237975183,0.17364873260330269,3,0.766868585129949,0.021015237462404062
400,GGCACTGCGGCTGGAGGTGGNGG,GGCACCAGGCCTGGAGGTGTGGG,0.9153214693069458,0.3502335394738904,0.023971663359549443,5,0.6424927706595719,0.005394164029545836
401,GGCACTGCGGCTGGAGGTGGNGG,GGCACTGAGGCTGCAGGCGGCGG,0.9153214693069458,0.1697396634186126,0.03945522064535084,3,0.766868585129949,0.005135807773556249
402,GGCACTGCGGCTGGAGGTGGNGG,GCTGCTGCGGCTGGAGGTGGGGA,0.9153214693069458,0.6745242032405336,0.43304908012562404,3,0.766868585129949,0.22400391320170665
403,GGCACTGCGGCTGGAGGTGGNGG,GCCACTGGGCCTGGGGGTGGGGG,0.9153214693069458,0.3248385255417469,0.05480227932114154,4,0.7019312801064836,0.012495704566830725
404,GGCACTGCGGCTGGAGGTGGNGG,GCCACTGAGGCCGGAGGTGGAGA,0.9153214693069458,0.643405910929253,0.22636337207960122,3,0.766868585129949,0.11168944902207532
405,GGCACTGCGGCTGGAGGTGGNGG,GGCACTGCAGCTGGCGGTGCTGG,0.9153214693069458,0.14252896052889888,0.07745815055756844,3,0.766868585129949,0.008466251943148513
406,GGCACTGCGGCTGGAGGTGGNGG,GGGCACGCGGCTGGAGGAGGGGG,0.9153214693069458,0.1817738584631958,0.022381008653534654,5,0.6424927706595719,0.0026138419662711768
407,GGCACTGCGGCTGGAGGTGGNGG,GGCACTGCAACTGGAAGTGATGG,0.9153214693069458,0.7264246473002198,0.024013875664287872,4,0.7019312801064836,0.012244679585682068
408,GGCACTGCGGCTGGAGGTGGNGG,CACACTGCGGCCGGAGGTGACCG,0.9153214693069458,0.9512097026643775,0.16742016410949465,4,0.7019312801064836,0.11178373877607213
409,GGCACTGCGGCTGGAGGTGGNGG,AGCACTGTTACAGGAGGTGGGGG,0.9153214693069458,0.39834668393212863,0.04640781204977492,5,0.6424927706595719,0.011877377095318647
410,GGCACTGCGGCTGGAGGTGGNGG,GGCACAGGGGCTGGAGGTGGGGC,0.9153214693069458,0.6311179596441142,0.3608188626633345,2,0.8378133921742261,0.1907862493747347
411,GGCACTGCGGCTGGAGGTGGNGG,GGGCATGCGGCTGGAAGTGGTGG,0.9153214693069458,0.29342998149076394,0.0725938382982087,4,0.7019312801064836,0.014951984640198498
412,GGCACTGCGGCTGGAGGTGGNGG,GACACTGCCTCTGGGGGTGGGGG,0.9153214693069458,0.39061207537661835,0.051200763941889084,4,0.7019312801064836,0.014038370565373225
