,sgRNA,DNA_KO,DNA_NA,GOP,MDE_KO,CE_KO,MMs_KO,GMT_KO,MOFF_KO,MDE_NA,CE_NA,MMs_NA,GMT_NA,MOFF_NA
0,CGTCTCCAACATGAGCTGCTTGG,CGTCTCCAACATGAGCTGCTTGG,CGTCTCCAACATGAGCCGCTTGG,0.4365084767341614,1.0,1,0,1.0,1.0,0.6136845784594376,1.0,0,1.0,0.6136845784594376
1,AGTCTCCAACATGAGCTGCTTGG,CGTCTCCAACATGAGCTGCTTGG,CGTCTCCAACATGAGCCGCTTGG,0.5361153483390808,1.0256725972087777,1,1,0.5361153483390808,0.5498788217344336,0.6294394554554652,0.7063226518353418,1,0.5361153483390808,0.2383500995179065
2,TGTCTCCAACATGAGCTGCTTGG,CGTCTCCAACATGAGCTGCTTGG,CGTCTCCAACATGAGCCGCTTGG,0.43356895446777344,1.047238264223617,1,1,0.43356895446777344,0.45404999929807954,0.6426739727266636,0.7063226518353418,1,0.43356895446777344,0.19681220341864586
3,GGTCTCCAACATGAGCTGCTTGG,CGTCTCCAACATGAGCTGCTTGG,CGTCTCCAACATGAGCCGCTTGG,0.5799505114555359,1.042555523303752,1,1,0.5799505114555359,0.6046306089608049,0.6398002468392214,0.7063226518353418,1,0.5799505114555359,0.2620827719147559
4,CATCTCCAACATGAGCTGCTTGG,CGTCTCCAACATGAGCTGCTTGG,CGTCTCCAACATGAGCCGCTTGG,0.4117969572544098,0.9853615558877628,1,1,0.4117969572544098,0.40576889051005177,0.6047011910551172,0.5289761917686021,1,0.4117969572544098,0.1317225358819565
5,CTTCTCCAACATGAGCTGCTTGG,CGTCTCCAACATGAGCTGCTTGG,CGTCTCCAACATGAGCCGCTTGG,0.3888145089149475,0.9955970334287482,1,1,0.3888145089149475,0.3871025716297773,0.610982545775188,0.5289761917686021,1,0.3888145089149475,0.12566299086508667
6,CCTCTCCAACATGAGCTGCTTGG,CGTCTCCAACATGAGCTGCTTGG,CGTCTCCAACATGAGCCGCTTGG,0.4060017466545105,0.9427846033044328,1,1,0.4060017466545105,0.3827721956605795,0.5785723718569289,0.5289761917686021,1,0.4060017466545105,0.12425724459590369
7,CGACTCCAACATGAGCTGCTTGG,CGTCTCCAACATGAGCTGCTTGG,CGTCTCCAACATGAGCCGCTTGG,0.5021239519119263,0.9379169035649456,1,1,0.5021239519119263,0.47095054218302757,0.5755851395942346,0.3698549747404842,1,0.5021239519119263,0.10689366694558933
8,CGCCTCCAACATGAGCTGCTTGG,CGTCTCCAACATGAGCTGCTTGG,CGTCTCCAACATGAGCCGCTTGG,0.39707857370376587,0.9707053729449558,1,1,0.39707857370376587,0.3854463049755652,0.5957069176040364,0.3698549747404842,1,0.39707857370376587,0.08748640304878064
9,CGGCTCCAACATGAGCTGCTTGG,CGTCTCCAACATGAGCTGCTTGG,CGTCTCCAACATGAGCCGCTTGG,0.4770549535751343,0.7114080099870371,1,1,0.4770549535751343,0.33938071517734464,0.4365801247215622,0.3698549747404842,1,0.4770549535751343,0.07703069831444052
10,CGTATCCAACATGAGCTGCTTGG,CGTCTCCAACATGAGCTGCTTGG,CGTCTCCAACATGAGCCGCTTGG,0.373490571975708,0.5763771904324955,1,1,0.373490571975708,0.2152714465283843,0.353713793144201,0.28604994566119,1,0.373490571975708,0.03778970559801039
11,CGTTTCCAACATGAGCTGCTTGG,CGTCTCCAACATGAGCTGCTTGG,CGTCTCCAACATGAGCCGCTTGG,0.22733327746391296,0.6692453512693496,1,1,0.22733327746391296,0.15214173913154894,0.410705551279669,0.28604994566119,1,0.22733327746391296,0.026707636445377134
12,CGTGTCCAACATGAGCTGCTTGG,CGTCTCCAACATGAGCTGCTTGG,CGTCTCCAACATGAGCCGCTTGG,0.46637558937072754,0.5892851339525831,1,1,0.46637558937072754,0.2748282016545441,0.36163519902210417,0.28604994566119,1,0.46637558937072754,0.04824456284399271
13,CGTCACCAACATGAGCTGCTTGG,CGTCTCCAACATGAGCTGCTTGG,CGTCTCCAACATGAGCCGCTTGG,0.4174485206604004,0.6171771154546071,1,1,0.4174485206604004,0.25763967383197883,0.3787520779325722,0.2520448151295281,1,0.4174485206604004,0.03985067834424271
14,CGTCCCCAACATGAGCTGCTTGG,CGTCTCCAACATGAGCTGCTTGG,CGTCTCCAACATGAGCCGCTTGG,0.5829887390136719,0.8451749743245405,1,1,0.5829887390136719,0.49272749252737635,0.5186708478428216,0.2520448151295281,1,0.5829887390136719,0.0762131255797162
15,CGTCGCCAACATGAGCTGCTTGG,CGTCTCCAACATGAGCTGCTTGG,CGTCTCCAACATGAGCCGCTTGG,0.3855164647102356,0.6555691547835332,1,1,0.3855164647102356,0.25273270292522493,0.4023126804043423,0.2520448151295281,1,0.3855164647102356,0.03909168763314154
16,CGTCTACAACATGAGCTGCTTGG,CGTCTCCAACATGAGCTGCTTGG,CGTCTCCAACATGAGCCGCTTGG,0.4559429883956909,0.7248673792640279,1,1,0.4559429883956909,0.3304981990921936,0.4448399320826422,0.31026948262063314,1,0.4559429883956909,0.06292936778658566
17,CGTCTTCAACATGAGCTGCTTGG,CGTCTCCAACATGAGCTGCTTGG,CGTCTCCAACATGAGCCGCTTGG,0.3490292429924011,1.0109584630399304,1,1,0.3490292429924011,0.3528540670515882,0.6204096182306607,0.31026948262063314,1,0.3490292429924011,0.06718609487577823
18,CGTCTGCAACATGAGCTGCTTGG,CGTCTCCAACATGAGCTGCTTGG,CGTCTCCAACATGAGCCGCTTGG,0.40721985697746277,0.8350710160317996,1,1,0.40721985697746277,0.34005749971449395,0.5124702044571692,0.31026948262063314,1,0.40721985697746277,0.06474953124374105
19,CGTCTCAAACATGAGCTGCTTGG,CGTCTCCAACATGAGCTGCTTGG,CGTCTCCAACATGAGCCGCTTGG,0.3566001057624817,0.3762691332622255,1,1,0.3566001057624817,0.13417761271646694,0.2309105644333268,0.26861354611359367,1,0.3566001057624817,0.022118373158240806
20,CGTCTCTAACATGAGCTGCTTGG,CGTCTCCAACATGAGCTGCTTGG,CGTCTCCAACATGAGCCGCTTGG,0.40703094005584717,0.9232168172408156,1,1,0.40703094005584717,0.37577780899689645,0.5665639233150935,0.26861354611359367,1,0.40703094005584717,0.06194471369484617
21,CGTCTCGAACATGAGCTGCTTGG,CGTCTCCAACATGAGCTGCTTGG,CGTCTCCAACATGAGCCGCTTGG,0.47070762515068054,0.6319091304925896,1,1,0.47070762515068054,0.2974444461251983,0.38779288837101455,0.26861354611359367,1,0.47070762515068054,0.04903192954509904
22,CGTCTCCTACATGAGCTGCTTGG,CGTCTCCAACATGAGCTGCTTGG,CGTCTCCAACATGAGCCGCTTGG,0.4850254952907562,1.0284614482708374,1,1,0.4850254952907562,0.49883002333501136,0.6311509303438715,0.41725670980771984,1,0.4850254952907562,0.12773241511967853
23,CGTCTCCCACATGAGCTGCTTGG,CGTCTCCAACATGAGCTGCTTGG,CGTCTCCAACATGAGCCGCTTGG,0.5339028239250183,0.8095712011534798,1,1,0.5339028239250183,0.43223235046421193,0.4968213613127738,0.41725670980771984,1,0.5339028239250183,0.11067914807639859
24,CGTCTCCGACATGAGCTGCTTGG,CGTCTCCAACATGAGCTGCTTGG,CGTCTCCAACATGAGCCGCTTGG,0.5407072305679321,0.9514834004752633,1,1,0.5407072305679321,0.5144739544023382,0.5839106895318141,0.41725670980771984,1,0.5407072305679321,0.1317382628107134
25,CGTCTCCATCATGAGCTGCTTGG,CGTCTCCAACATGAGCTGCTTGG,CGTCTCCAACATGAGCCGCTTGG,0.4057963788509369,1.0339165274506792,1,1,0.4057963788509369,0.4195595828736209,0.6344986283108156,0.3080140722148325,1,0.4057963788509369,0.07930661496747672
26,CGTCTCCACCATGAGCTGCTTGG,CGTCTCCAACATGAGCTGCTTGG,CGTCTCCAACATGAGCCGCTTGG,0.48108160495758057,0.7816216459868924,1,1,0.48108160495758057,0.3760237959209601,0.47966915033223784,0.3080140722148325,1,0.48108160495758057,0.07107732874902611
27,CGTCTCCAGCATGAGCTGCTTGG,CGTCTCCAACATGAGCTGCTTGG,CGTCTCCAACATGAGCCGCTTGG,0.49616900086402893,0.9741341190951002,1,1,0.49616900086402893,0.4833351525789768,0.5978110862398321,0.3080140722148325,1,0.49616900086402893,0.0913616954790751
28,CGTCTCCAAAATGAGCTGCTTGG,CGTCTCCAACATGAGCTGCTTGG,CGTCTCCAACATGAGCCGCTTGG,0.39272451400756836,0.8186863555107146,1,1,0.39272451400756836,0.32151820109257273,0.5024151909720861,0.2546126791898862,1,0.39272451400756836,0.050237821670588136
29,CGTCTCCAATATGAGCTGCTTGG,CGTCTCCAACATGAGCTGCTTGG,CGTCTCCAACATGAGCCGCTTGG,0.46205729246139526,0.8256120942741708,1,1,0.46205729246139526,0.3814800889037056,0.5066654100456579,0.2546126791898862,1,0.46205729246139526,0.05960697905157315
30,CGTCTCCAAGATGAGCTGCTTGG,CGTCTCCAACATGAGCTGCTTGG,CGTCTCCAACATGAGCCGCTTGG,0.5776827931404114,0.7821600583118402,1,1,0.5776827931404114,0.45184040716845086,0.4799995656729108,0.2546126791898862,1,0.5776827931404114,0.07060091068486307
31,CGTCTCCAACTTGAGCTGCTTGG,CGTCTCCAACATGAGCTGCTTGG,CGTCTCCAACATGAGCCGCTTGG,0.2979925870895386,0.7736273346611865,1,1,0.2979925870895386,0.23053521089887122,0.47476316475624847,0.21046146576659402,1,0.2979925870895386,0.029775226067676557
32,CGTCTCCAACCTGAGCTGCTTGG,CGTCTCCAACATGAGCTGCTTGG,CGTCTCCAACATGAGCCGCTTGG,0.46204185485839844,0.7128183189828421,1,1,0.46204185485839844,0.3293518982798779,0.4374456096031504,0.21046146576659402,1,0.46204185485839844,0.04253808860202098
33,CGTCTCCAACGTGAGCTGCTTGG,CGTCTCCAACATGAGCTGCTTGG,CGTCTCCAACATGAGCCGCTTGG,0.4307185709476471,1.0307081629572972,1,1,0.4307185709476471,0.4439451470130416,0.6325297044991502,0.21046146576659402,1,0.4307185709476471,0.057338603775194244
34,CGTCTCCAACAAGAGCTGCTTGG,CGTCTCCAACATGAGCTGCTTGG,CGTCTCCAACATGAGCCGCTTGG,0.470071405172348,0.29723405069337977,1,1,0.470071405172348,0.13972122787450594,0.18240795310355787,0.20158702831805567,1,0.470071405172348,0.01728503193273642
35,CGTCTCCAACACGAGCTGCTTGG,CGTCTCCAACATGAGCTGCTTGG,CGTCTCCAACATGAGCCGCTTGG,0.46874210238456726,0.7458780436645182,1,1,0.46874210238456726,0.3496244423097943,0.4577338528084098,0.20158702831805567,1,0.46874210238456726,0.043252337112424086
36,CGTCTCCAACAGGAGCTGCTTGG,CGTCTCCAACATGAGCTGCTTGG,CGTCTCCAACATGAGCCGCTTGG,0.6285393238067627,0.481815524135473,1,1,0.6285393238067627,0.30284000373971115,0.29568275682429074,0.20158702831805567,1,0.6285393238067627,0.03746459442692923
37,CGTCTCCAACATAAGCTGCTTGG,CGTCTCCAACATGAGCTGCTTGG,CGTCTCCAACATGAGCCGCTTGG,0.3467598557472229,0.7259356230590128,1,1,0.3467598557472229,0.25172533193371366,0.4454954968256595,0.1554475657163059,1,0.3467598557472229,0.024013532834735254
38,CGTCTCCAACATTAGCTGCTTGG,CGTCTCCAACATGAGCTGCTTGG,CGTCTCCAACATGAGCCGCTTGG,0.3488174080848694,0.3068316146297328,1,1,0.3488174080848694,0.10702820853363888,0.18829783008207618,0.1554475657163059,1,0.3488174080848694,0.010210038775685139
39,CGTCTCCAACATCAGCTGCTTGG,CGTCTCCAACATGAGCTGCTTGG,CGTCTCCAACATGAGCCGCTTGG,0.4670226573944092,0.1360036948981249,1,1,0.4670226573944092,0.06351680700678074,0.08346337017248173,0.1554475657163059,1,0.4670226573944092,0.006059234956204232
40,CGTCTCCAACATGTGCTGCTTGG,CGTCTCCAACATGAGCTGCTTGG,CGTCTCCAACATGAGCCGCTTGG,0.33787059783935547,0.4967021578830561,1,1,0.33787059783935547,0.16782105503204608,0.3048184543803563,0.08363394660626178,1,0.33787059783935547,0.008613392703005039
41,CGTCTCCAACATGCGCTGCTTGG,CGTCTCCAACATGAGCTGCTTGG,CGTCTCCAACATGAGCCGCTTGG,0.2602989971637726,0.25693542559214305,1,1,0.2602989971637726,0.06688003361748195,0.1576773083458105,0.08363394660626178,1,0.2602989971637726,0.003432608580774021
42,CGTCTCCAACATGGGCTGCTTGG,CGTCTCCAACATGAGCTGCTTGG,CGTCTCCAACATGAGCCGCTTGG,0.4788396954536438,0.7413158978448755,1,1,0.4788396954536438,0.3549714787589847,0.4549341342742119,0.08363394660626178,1,0.4788396954536438,0.018218862611331474
43,CGTCTCCAACATGAACTGCTTGG,CGTCTCCAACATGAGCTGCTTGG,CGTCTCCAACATGAGCCGCTTGG,0.4585569202899933,0.7980795565227751,1,1,0.4585569202899933,0.36596490358548733,0.4897691162217741,0.1533135752593859,1,0.4585569202899933,0.03443223862322951
44,CGTCTCCAACATGATCTGCTTGG,CGTCTCCAACATGAGCTGCTTGG,CGTCTCCAACATGAGCCGCTTGG,0.4546743631362915,0.24751894565283736,1,1,0.4546743631362915,0.11254051897887017,0.15189855982368594,0.1533135752593859,1,0.4546743631362915,0.010588507166391063
45,CGTCTCCAACATGACCTGCTTGG,CGTCTCCAACATGAGCTGCTTGG,CGTCTCCAACATGAGCCGCTTGG,0.5859467387199402,0.10595399420748386,1,1,0.5859467387199402,0.062083397360226604,0.06502233227131342,0.1533135752593859,1,0.5859467387199402,0.005841189500699624
46,CGTCTCCAACATGAGCAGCTTGG,CGTCTCCAACATGAGCTGCTTGG,CGTCTCCAACATGAGCCGCTTGG,0.5436673164367676,0.1870100330897905,1,1,0.5436673164367676,0.10167124283667751,0.5294846032967954,1.0,1,0.5436673164367676,0.2878634733689552
47,CGTCTCCAACATGAGCCGCTTGG,CGTCTCCAACATGAGCTGCTTGG,CGTCTCCAACATGAGCCGCTTGG,0.4780959486961365,0.5519308494221198,1,1,0.4780959486961365,0.26387590306913283,1.0,1.0,1,0.4780959486961365,0.4780959486961365
48,CGTCTCCAACATGAGCGGCTTGG,CGTCTCCAACATGAGCTGCTTGG,CGTCTCCAACATGAGCCGCTTGG,0.6064254641532898,0.4075580185571819,1,1,0.6064254641532898,0.2471535605729341,0.19280596831150915,1.0,1,0.6064254641532898,0.11692244882483142
49,CGTCTCCAACATGAGCTACTTGG,CGTCTCCAACATGAGCTGCTTGG,CGTCTCCAACATGAGCCGCTTGG,0.4922335743904114,0.4862032326164361,1,1,0.4922335743904114,0.23932555507096098,0.2983754258538335,0.1458644428919612,1,0.4922335743904114,0.021423169420227973
50,CGTCTCCAACATGAGCTTCTTGG,CGTCTCCAACATGAGCTGCTTGG,CGTCTCCAACATGAGCCGCTTGG,0.31908702850341797,0.30326062572805657,1,1,0.31908702850341797,0.09676653192565275,0.18610636926326765,0.1458644428919612,1,0.31908702850341797,0.008662032798948241
51,CGTCTCCAACATGAGCTCCTTGG,CGTCTCCAACATGAGCTGCTTGG,CGTCTCCAACATGAGCCGCTTGG,0.556532621383667,0.09497743963820388,1,1,0.556532621383667,0.0528580434541586,0.05828619000752782,0.1458644428919612,1,0.556532621383667,0.0047315750288532896
52,CGTCTCCAACATGAGCTGATTGG,CGTCTCCAACATGAGCTGCTTGG,CGTCTCCAACATGAGCCGCTTGG,0.33526521921157837,0.35832449789727056,1,1,0.33526521921157837,0.12013374133640717,0.2198982184437761,0.09810230306355386,1,0.33526521921157837,0.007232516206272594
53,CGTCTCCAACATGAGCTGTTTGG,CGTCTCCAACATGAGCTGCTTGG,CGTCTCCAACATGAGCCGCTTGG,0.2916269302368164,0.4375991667237882,1,1,0.2916269302368164,0.12761570166584715,0.2685478601650891,0.09810230306355386,1,0.2916269302368164,0.007682959177043238
54,CGTCTCCAACATGAGCTGGTTGG,CGTCTCCAACATGAGCTGCTTGG,CGTCTCCAACATGAGCCGCTTGG,0.5761624574661255,0.7097934173937911,1,1,0.5761624574661255,0.408956319658886,0.4355892741465923,0.09810230306355386,1,0.5761624574661255,0.024620753309496042
55,CGTCTCCAACATGAGCTGCATGG,CGTCTCCAACATGAGCTGCTTGG,CGTCTCCAACATGAGCCGCTTGG,0.4370346665382385,0.5681880287655394,1,1,0.4370346665382385,0.2483178656825666,0.34868823091867884,0.12001456807170045,1,0.4370346665382385,0.018288881378658684
56,CGTCTCCAACATGAGCTGCCTGG,CGTCTCCAACATGAGCTGCTTGG,CGTCTCCAACATGAGCCGCTTGG,0.43161123991012573,0.4310032739142555,1,1,0.43161123991012573,0.18602585745945538,0.26450006246670743,0.12001456807170045,1,0.43161123991012573,0.013701007098653165
57,CGTCTCCAACATGAGCTGCGTGG,CGTCTCCAACATGAGCTGCTTGG,CGTCTCCAACATGAGCCGCTTGG,0.495195209980011,0.7490206041762596,1,1,0.495195209980011,0.3709114153644176,0.4596623937313411,0.12001456807170045,1,0.495195209980011,0.027318029892629183
0,CCAACATGAGCTGCTTGGCGAGG,CCAACATGAGCTGCTTGGCGAGG,CCAACATGAGCCGCTTGGCGAGG,0.5697258114814758,1.0,1,0,1.0,1.0,0.9420192622665085,1.0,0,1.0,0.9420192622665085
1,ACAACATGAGCTGCTTGGCGAGG,CCAACATGAGCTGCTTGGCGAGG,CCAACATGAGCCGCTTGGCGAGG,0.6925539970397949,1.0256725972087777,1,1,0.6925539970397949,0.7103336568511266,0.9662033433495865,0.6307990370258802,1,0.6925539970397949,0.4220979060733986
2,TCAACATGAGCTGCTTGGCGAGG,CCAACATGAGCTGCTTGGCGAGG,CCAACATGAGCCGCTTGGCGAGG,0.5994876027107239,1.047238264223617,1,1,0.5994876027107239,0.6278063564863559,0.9865186170811906,0.6307990370258802,1,0.5994876027107239,0.37305813392986786
3,GCAACATGAGCTGCTTGGCGAGG,CCAACATGAGCTGCTTGGCGAGG,CCAACATGAGCCGCTTGGCGAGG,0.7188295722007751,1.042555523303752,1,1,0.7188295722007751,0.7494197408119914,0.9821073849344741,0.6307990370258802,1,0.7188295722007751,0.4453238281979753
4,CAAACATGAGCTGCTTGGCGAGG,CCAACATGAGCTGCTTGGCGAGG,CCAACATGAGCCGCTTGGCGAGG,0.5817744731903076,1.005881062444212,1,1,0.5817744731903076,0.5851959251955884,0.9475593363715483,0.5807857253396284,1,0.5817744731903076,0.320167327100223
5,CTAACATGAGCTGCTTGGCGAGG,CCAACATGAGCTGCTTGGCGAGG,CCAACATGAGCCGCTTGGCGAGG,0.5855350494384766,1.0468760920746956,1,1,0.5855350494384766,0.612982644328916,0.9861774439406501,0.5807857253396284,1,0.5855350494384766,0.3353697562538927
6,CGAACATGAGCTGCTTGGCGAGG,CCAACATGAGCTGCTTGGCGAGG,CCAACATGAGCCGCTTGGCGAGG,0.6263850927352905,0.8436653497334935,1,1,0.6263850927352905,0.5284593983303656,0.7947490103557614,0.5807857253396284,1,0.6263850927352905,0.2891261298305785
7,CCTACATGAGCTGCTTGGCGAGG,CCAACATGAGCTGCTTGGCGAGG,CCAACATGAGCCGCTTGGCGAGG,0.560349702835083,0.8110772273747926,1,1,0.560349702835083,0.4544868833357681,0.7640503713727672,0.4564247395470679,1,0.560349702835083,0.19541158777395656
8,CCCACATGAGCTGCTTGGCGAGG,CCAACATGAGCTGCTTGGCGAGG,CCAACATGAGCCGCTTGGCGAGG,0.5548561215400696,0.890045167757447,1,1,0.5548561215400696,0.49384700977737767,0.838439692314741,0.4564247395470679,1,0.5548561215400696,0.21233490302232275
9,CCGACATGAGCTGCTTGGCGAGG,CCAACATGAGCTGCTTGGCGAGG,CCAACATGAGCCGCTTGGCGAGG,0.5626333951950073,0.8405301842598464,1,1,0.5626333951950073,0.4729103513340025,0.7917956240891929,0.4564247395470679,1,0.5626333951950073,0.20333295858979575
10,CCATCATGAGCTGCTTGGCGAGG,CCAACATGAGCTGCTTGGCGAGG,CCAACATGAGCCGCTTGGCGAGG,0.5282299518585205,0.5388140770572808,1,1,0.5282299518585205,0.2846177339846606,0.5075732393683093,0.4043835631132616,1,0.5282299518585205,0.10842145584251937
11,CCACCATGAGCTGCTTGGCGAGG,CCAACATGAGCTGCTTGGCGAGG,CCAACATGAGCCGCTTGGCGAGG,0.650469183921814,0.9292007927880828,1,1,0.650469183921814,0.6044164813843668,0.8753250453196845,0.4043835631132616,1,0.650469183921814,0.2302446651143595
12,CCAGCATGAGCTGCTTGGCGAGG,CCAACATGAGCTGCTTGGCGAGG,CCAACATGAGCCGCTTGGCGAGG,0.6607767343521118,1.0192900161664795,1,1,0.6607767343521118,0.6735231282401976,0.9601908290647645,0.4043835631132616,1,0.6607767343521118,0.2565699511589314
13,CCAAAATGAGCTGCTTGGCGAGG,CCAACATGAGCTGCTTGGCGAGG,CCAACATGAGCCGCTTGGCGAGG,0.3795296549797058,0.638095329259587,1,1,0.3795296549797058,0.24217610015805283,0.601098091324821,0.3639728211237177,1,0.3795296549797058,0.08303477619950368
14,CCAATATGAGCTGCTTGGCGAGG,CCAACATGAGCTGCTTGGCGAGG,CCAACATGAGCCGCTTGGCGAGG,0.54998779296875,0.8702514751869063,1,1,0.54998779296875,0.4786276881658455,0.8197936526419102,0.3639728211237177,1,0.54998779296875,0.16410679230443992
15,CCAAGATGAGCTGCTTGGCGAGG,CCAACATGAGCTGCTTGGCGAGG,CCAACATGAGCCGCTTGGCGAGG,0.5599942803382874,0.7010918095356219,1,1,0.5599942803382874,0.3926074033319682,0.660441989199838,0.3639728211237177,1,0.5599942803382874,0.134613068129606
16,CCAACTTGAGCTGCTTGGCGAGG,CCAACATGAGCTGCTTGGCGAGG,CCAACATGAGCCGCTTGGCGAGG,0.553360641002655,1.0231870661157159,1,1,0.553360641002655,0.5661914507714185,0.9638619251829599,0.376846020329701,1,0.553360641002655,0.20099581919169135
17,CCAACCTGAGCTGCTTGGCGAGG,CCAACATGAGCTGCTTGGCGAGG,CCAACATGAGCCGCTTGGCGAGG,0.6855015754699707,0.9983498317136456,1,1,0.6855015754699707,0.6843703825098841,0.9404647719547813,0.376846020329701,1,0.6855015754699707,0.2429488920676744
18,CCAACGTGAGCTGCTTGGCGAGG,CCAACATGAGCTGCTTGGCGAGG,CCAACATGAGCCGCTTGGCGAGG,0.5651189088821411,1.0925890963954727,1,1,0.5651189088821411,0.617442758011534,1.0292399745468943,0.376846020329701,1,0.5651189088821411,0.21918983902250455
19,CCAACAAGAGCTGCTTGGCGAGG,CCAACATGAGCTGCTTGGCGAGG,CCAACATGAGCCGCTTGGCGAGG,0.5703309178352356,0.5617675427322376,1,1,0.5703309178352356,0.320393398256522,0.5291958461698917,0.39787896226355973,1,0.5703309178352356,0.12008653634238425
20,CCAACACGAGCTGCTTGGCGAGG,CCAACATGAGCTGCTTGGCGAGG,CCAACATGAGCCGCTTGGCGAGG,0.6050934195518494,0.6461512340114774,1,1,0.6050934195518494,0.39098185973565214,0.608686908776086,0.39787896226355973,1,0.6050934195518494,0.14654377263655935
21,CCAACAGGAGCTGCTTGGCGAGG,CCAACATGAGCTGCTTGGCGAGG,CCAACATGAGCCGCTTGGCGAGG,0.6936513185501099,0.7783709264629498,1,1,0.6936513185501099,0.5399180194620957,0.7332404059163267,0.39787896226355973,1,0.6936513185501099,0.20236648201512455
22,CCAACATAAGCTGCTTGGCGAGG,CCAACATGAGCTGCTTGGCGAGG,CCAACATGAGCCGCTTGGCGAGG,0.4642844498157501,0.6134163619052176,1,1,0.4642844498157501,0.28479967809514306,0.5778500287041587,0.36341269816512567,1,0.4642844498157501,0.09749882356594038
23,CCAACATTAGCTGCTTGGCGAGG,CCAACATGAGCTGCTTGGCGAGG,CCAACATGAGCCGCTTGGCGAGG,0.43596261739730835,0.5329878463261254,1,1,0.43596261739730835,0.23236277652529197,0.5020848177931518,0.36341269816512567,1,0.43596261739730835,0.07954748229793675
24,CCAACATCAGCTGCTTGGCGAGG,CCAACATGAGCTGCTTGGCGAGG,CCAACATGAGCCGCTTGGCGAGG,0.4987714886665344,0.6168158106610965,1,1,0.4987714886665344,0.30765014011649033,0.5810523749132844,0.36341269816512567,1,0.4987714886665344,0.10532149099281607
25,CCAACATGTGCTGCTTGGCGAGG,CCAACATGAGCTGCTTGGCGAGG,CCAACATGAGCCGCTTGGCGAGG,0.4782562255859375,1.0339165274506792,1,1,0.4782562255859375,0.4944770159894812,0.973969284434239,0.36310635416011194,1,0.4782562255859375,0.1691374356919249
26,CCAACATGCGCTGCTTGGCGAGG,CCAACATGAGCTGCTTGGCGAGG,CCAACATGAGCCGCTTGGCGAGG,0.45886287093162537,0.7816216459868924,1,1,0.45886287093162537,0.35865715245984797,0.7363026463241065,0.36310635416011194,1,0.45886287093162537,0.12267981948207861
27,CCAACATGGGCTGCTTGGCGAGG,CCAACATGAGCTGCTTGGCGAGG,CCAACATGAGCCGCTTGGCGAGG,0.6844788789749146,0.9741341190951002,1,1,0.6844788789749146,0.66677422980943,0.9176531042186014,0.36310635416011194,1,0.6844788789749146,0.22807224556181252
28,CCAACATGAACTGCTTGGCGAGG,CCAACATGAGCTGCTTGGCGAGG,CCAACATGAGCCGCTTGGCGAGG,0.5662242770195007,0.6412768912990606,1,1,0.5662242770195007,0.36310654414512356,0.604095184050101,0.3391394786543797,1,0.5662242770195007,0.11600379778888571
29,CCAACATGATCTGCTTGGCGAGG,CCAACATGAGCTGCTTGGCGAGG,CCAACATGAGCCGCTTGGCGAGG,0.5154718160629272,0.5235341107170944,1,1,0.5154718160629272,0.26986707882223027,0.49317921674906984,0.3391394786543797,1,0.5154718160629272,0.08621603368585753
30,CCAACATGACCTGCTTGGCGAGG,CCAACATGAGCTGCTTGGCGAGG,CCAACATGAGCCGCTTGGCGAGG,0.570895254611969,0.30927057920812306,1,1,0.570895254611969,0.17656110606101255,0.29133884286637185,0.3391394786543797,1,0.570895254611969,0.05640702205768485
31,CCAACATGAGCAGCTTGGCGAGG,CCAACATGAGCTGCTTGGCGAGG,CCAACATGAGCCGCTTGGCGAGG,0.6411524415016174,0.29723405069337977,1,1,0.6411524415016174,0.19057233729947595,0.3373498738806768,1.0,1,0.6411524415016174,0.21629269527885864
32,CCAACATGAGCCGCTTGGCGAGG,CCAACATGAGCTGCTTGGCGAGG,CCAACATGAGCCGCTTGGCGAGG,0.6097590327262878,0.7458780436645182,1,1,0.6097590327262878,0.4548058744366525,1.0,1.0,1,0.6097590327262878,0.6097590327262878
33,CCAACATGAGCGGCTTGGCGAGG,CCAACATGAGCTGCTTGGCGAGG,CCAACATGAGCCGCTTGGCGAGG,0.7122963070869446,0.481815524135473,1,1,0.7122963070869446,0.34319541853885804,0.6396205155477931,1.0,1,0.7122963070869446,0.4555993311617406
34,CCAACATGAGCTACTTGGCGAGG,CCAACATGAGCTGCTTGGCGAGG,CCAACATGAGCCGCTTGGCGAGG,0.6108666062355042,0.7259356230590128,1,1,0.6108666062355042,0.4434498304035154,0.6838453400870295,0.1933985980256089,1,0.6108666062355042,0.08078999809762498
35,CCAACATGAGCTTCTTGGCGAGG,CCAACATGAGCTGCTTGGCGAGG,CCAACATGAGCCGCTTGGCGAGG,0.4847666323184967,0.3068316146297328,1,1,0.4847666323184967,0.14874172851290235,0.2890412912535425,0.1933985980256089,1,0.4847666323184967,0.027098542246955317
36,CCAACATGAGCTCCTTGGCGAGG,CCAACATGAGCTGCTTGGCGAGG,CCAACATGAGCCGCTTGGCGAGG,0.7168910503387451,0.1360036948981249,1,1,0.7168910503387451,0.09749983168546698,0.12811810033345092,0.1933985980256089,1,0.7168910503387451,0.01776302678753982
37,CCAACATGAGCTGATTGGCGAGG,CCAACATGAGCTGCTTGGCGAGG,CCAACATGAGCCGCTTGGCGAGG,0.6441153883934021,0.2349121384917429,1,1,0.6441153883934021,0.15131052332293363,0.22129175939943949,0.1276854487585035,1,0.6441153883934021,0.01819995540209337
38,CCAACATGAGCTGTTTGGCGAGG,CCAACATGAGCTGCTTGGCGAGG,CCAACATGAGCCGCTTGGCGAGG,0.6098295450210571,0.4417100323839083,1,1,0.6098295450210571,0.2693678280799152,0.4160993588420049,0.1276854487585035,1,0.6098295450210571,0.03240014210611192
39,CCAACATGAGCTGGTTGGCGAGG,CCAACATGAGCTGCTTGGCGAGG,CCAACATGAGCCGCTTGGCGAGG,0.6510772705078125,0.3330578536937884,1,1,0.6510772705078125,0.2168463983041421,0.31374691362868923,0.1276854487585035,1,0.6510772705078125,0.026082751493873055
40,CCAACATGAGCTGCATGGCGAGG,CCAACATGAGCTGCTTGGCGAGG,CCAACATGAGCCGCTTGGCGAGG,0.6418353319168091,0.16379269929395346,1,1,0.6418353319168091,0.10512794151688472,0.1542958777535301,0.10327307598477489,1,0.6418353319168091,0.010227395638866738
41,CCAACATGAGCTGCCTGGCGAGG,CCAACATGAGCTGCTTGGCGAGG,CCAACATGAGCCGCTTGGCGAGG,0.7418469786643982,0.2594828196793073,1,1,0.7418469786643982,0.19249654579441297,0.2444378143651345,0.10327307598477489,1,0.7418469786643982,0.01872707012567624
42,CCAACATGAGCTGCGTGGCGAGG,CCAACATGAGCTGCTTGGCGAGG,CCAACATGAGCCGCTTGGCGAGG,0.5662074089050293,0.22253070482768886,1,1,0.5662074089050293,0.1259985337822956,0.2096282103934256,0.10327307598477489,1,0.5662074089050293,0.012257795941925524
43,CCAACATGAGCTGCTAGGCGAGG,CCAACATGAGCTGCTTGGCGAGG,CCAACATGAGCCGCTTGGCGAGG,0.7645624279975891,0.15664066542895366,1,1,0.7645624279975891,0.11976156748351884,0.1475585240883179,0.1965474771190448,1,0.7645624279975891,0.022174034987207544
44,CCAACATGAGCTGCTCGGCGAGG,CCAACATGAGCTGCTTGGCGAGG,CCAACATGAGCCGCTTGGCGAGG,0.6479955911636353,0.4309922387622424,1,1,0.6479955911636353,0.2792810705436779,0.40600299080139846,0.1965474771190448,1,0.6479955911636353,0.05170931175689999
45,CCAACATGAGCTGCTGGGCGAGG,CCAACATGAGCTGCTTGGCGAGG,CCAACATGAGCCGCTTGGCGAGG,0.6937977075576782,0.08776643139880617,1,1,0.6937977075576782,0.060892148905009956,0.08267766895806751,0.1965474771190448,1,0.6937977075576782,0.011274273280130167
46,CCAACATGAGCTGCTTAGCGAGG,CCAACATGAGCTGCTTGGCGAGG,CCAACATGAGCCGCTTGGCGAGG,0.5241355895996094,0.33387187725890144,1,1,0.5241355895996094,0.17499413323782273,0.3145137395069646,0.20158702831805567,1,0.5241355895996094,0.03323118705579664
47,CCAACATGAGCTGCTTTGCGAGG,CCAACATGAGCTGCTTGGCGAGG,CCAACATGAGCCGCTTGGCGAGG,0.3607884645462036,0.31177314998444505,1,1,0.3607884645462036,0.11248415606962117,0.2936963127428524,0.20158702831805567,1,0.3607884645462036,0.0213606134217252
48,CCAACATGAGCTGCTTCGCGAGG,CCAACATGAGCTGCTTGGCGAGG,CCAACATGAGCCGCTTGGCGAGG,0.42149728536605835,0.13694490635595766,1,1,0.42149728536605835,0.057721906273745224,0.1290047396565953,0.20158702831805567,1,0.42149728536605835,0.010961324411905496
49,CCAACATGAGCTGCTTGACGAGG,CCAACATGAGCTGCTTGGCGAGG,CCAACATGAGCCGCTTGGCGAGG,0.5102841854095459,0.4862032326164361,1,1,0.5102841854095459,0.24810182049916607,0.45801281050092674,0.20113801881038515,1,0.5102841854095459,0.04700931277669513
50,CCAACATGAGCTGCTTGTCGAGG,CCAACATGAGCTGCTTGGCGAGG,CCAACATGAGCCGCTTGGCGAGG,0.4347617030143738,0.30326062572805657,1,1,0.4347617030143738,0.13184610609873448,0.2856773509228236,0.20113801881038515,1,0.4347617030143738,0.02498165804472835
51,CCAACATGAGCTGCTTGCCGAGG,CCAACATGAGCTGCTTGGCGAGG,CCAACATGAGCCGCTTGGCGAGG,0.5300161242485046,0.09497743963820388,1,1,0.5300161242485046,0.050339574448087114,0.08947057761994265,0.20113801881038515,1,0.5300161242485046,0.009538135574800474
52,CCAACATGAGCTGCTTGGAGAGG,CCAACATGAGCTGCTTGGCGAGG,CCAACATGAGCCGCTTGGCGAGG,0.48813456296920776,0.35832449789727056,1,1,0.48813456296920776,0.17491057218224496,0.33754857916120384,0.20247936919301684,1,0.48813456296920776,0.03336234913429053
53,CCAACATGAGCTGCTTGGTGAGG,CCAACATGAGCTGCTTGGCGAGG,CCAACATGAGCCGCTTGGCGAGG,0.5249428749084473,0.4375991667237882,1,1,0.5249428749084473,0.2297145646375263,0.41222684420558175,0.20247936919301684,1,0.5249428749084473,0.04381563338940726
54,CCAACATGAGCTGCTTGGGGAGG,CCAACATGAGCTGCTTGGCGAGG,CCAACATGAGCCGCTTGGCGAGG,0.7372676134109497,0.7097934173937911,1,1,0.7372676134109497,0.5233076988567225,0.668639071414923,0.20247936919301684,1,0.7372676134109497,0.09981543102911632
55,CCAACATGAGCTGCTTGGCAAGG,CCAACATGAGCTGCTTGGCGAGG,CCAACATGAGCCGCTTGGCGAGG,0.5116845965385437,0.5768857997185114,1,1,0.5116845965385437,0.29518357767778164,0.5434375354628569,0.22422665082062235,1,0.5116845965385437,0.062350394481318815
56,CCAACATGAGCTGCTTGGCTAGG,CCAACATGAGCTGCTTGGCGAGG,CCAACATGAGCCGCTTGGCGAGG,0.5111501216888428,0.3892102384460873,1,1,0.5111501216888428,0.19894486074426104,0.36664354168755503,0.22422665082062235,1,0.5111501216888428,0.04202229217838151
57,CCAACATGAGCTGCTTGGCCAGG,CCAACATGAGCTGCTTGGCGAGG,CCAACATGAGCCGCTTGGCGAGG,0.5061676502227783,0.3354040067575753,1,1,0.5061676502227783,0.16977065797578675,0.3159570350070021,0.22422665082062235,1,0.5061676502227783,0.0358599471536255
0,CCTCGCCAAGCAGCTCATGTTGG,CCTCGCCAAGCAGCTCATGTTGG,CCTCGCCAAGCGGCTCATGTTGG,0.46810752153396606,1.0,1,0,1.0,1.0,0.5054415912153309,1.0,0,1.0,0.5054415912153309
1,ACTCGCCAAGCAGCTCATGTTGG,CCTCGCCAAGCAGCTCATGTTGG,CCTCGCCAAGCGGCTCATGTTGG,0.5995548367500305,1.0256725972087777,1,1,0.5995548367500305,0.6149469665784885,0.5184175895991658,0.6307990370258802,1,0.5995548367500305,0.19606481368654027
2,TCTCGCCAAGCAGCTCATGTTGG,CCTCGCCAAGCAGCTCATGTTGG,CCTCGCCAAGCGGCTCATGTTGG,0.4987136423587799,1.047238264223617,1,1,0.4987136423587799,0.5222720091684464,0.5293177746507662,0.6307990370258802,1,0.4987136423587799,0.16651706526994767
3,GCTCGCCAAGCAGCTCATGTTGG,CCTCGCCAAGCAGCTCATGTTGG,CCTCGCCAAGCGGCTCATGTTGG,0.6295267939567566,1.042555523303752,1,1,0.6295267939567566,0.6563166361073196,0.5269509226289805,0.6307990370258802,1,0.6295267939567566,0.2092547910167378
4,CATCGCCAAGCAGCTCATGTTGG,CCTCGCCAAGCAGCTCATGTTGG,CCTCGCCAAGCGGCTCATGTTGG,0.4740816652774811,1.005881062444212,1,1,0.4740816652774811,0.47686976915463397,0.5084141247751702,0.5807857253396284,1,0.4740816652774811,0.13998667588911506
5,CTTCGCCAAGCAGCTCATGTTGG,CCTCGCCAAGCAGCTCATGTTGG,CCTCGCCAAGCGGCTCATGTTGG,0.4502841830253601,1.0468760920746956,1,1,0.4502841830253601,0.47139174584863597,0.5291347177835214,0.5807857253396284,1,0.4502841830253601,0.1383785842828696
6,CGTCGCCAAGCAGCTCATGTTGG,CCTCGCCAAGCAGCTCATGTTGG,CCTCGCCAAGCGGCTCATGTTGG,0.49935775995254517,0.8436653497334935,1,1,0.49935775995254517,0.42129083919249793,0.42642355682253563,0.5807857253396284,1,0.49935775995254517,0.12367129974634586
7,CCACGCCAAGCAGCTCATGTTGG,CCTCGCCAAGCAGCTCATGTTGG,CCTCGCCAAGCGGCTCATGTTGG,0.5063157081604004,0.9379169035649456,1,1,0.5063157081604004,0.4748820612240954,0.4740622121656222,0.4564247395470679,1,0.5063157081604004,0.10955341413834349
8,CCCCGCCAAGCAGCTCATGTTGG,CCTCGCCAAGCAGCTCATGTTGG,CCTCGCCAAGCGGCTCATGTTGG,0.4655296206474304,0.9707053729449558,1,1,0.4655296206474304,0.45189210402748775,0.49063486830256975,0.4564247395470679,1,0.4655296206474304,0.10424972190096875
9,CCGCGCCAAGCAGCTCATGTTGG,CCTCGCCAAGCAGCTCATGTTGG,CCTCGCCAAGCGGCTCATGTTGG,0.44069573283195496,0.7114080099870371,1,1,0.44069573283195496,0.31351447430376006,0.3595751965711801,0.4564247395470679,1,0.44069573283195496,0.07232654978212964
10,CCTAGCCAAGCAGCTCATGTTGG,CCTCGCCAAGCAGCTCATGTTGG,CCTCGCCAAGCGGCTCATGTTGG,0.4404633045196533,0.5763771904324955,1,1,0.4404633045196533,0.25387300194765045,0.2913250042724223,0.4043835631132616,1,0.4404633045196533,0.05188967956631954
11,CCTTGCCAAGCAGCTCATGTTGG,CCTCGCCAAGCAGCTCATGTTGG,CCTCGCCAAGCGGCTCATGTTGG,0.35043877363204956,0.6692453512693496,1,1,0.35043877363204956,0.23452952015778109,0.33826443525904315,0.4043835631132616,1,0.35043877363204956,0.04793602138260992
12,CCTGGCCAAGCAGCTCATGTTGG,CCTCGCCAAGCAGCTCATGTTGG,CCTCGCCAAGCGGCTCATGTTGG,0.5732808709144592,0.5892851339525831,1,1,0.5732808709144592,0.3378258948092806,0.29784921578453305,0.4043835631132616,1,0.5732808709144592,0.06904900204580804
13,CCTCACCAAGCAGCTCATGTTGG,CCTCGCCAAGCAGCTCATGTTGG,CCTCGCCAAGCGGCTCATGTTGG,0.5012996792793274,0.8075660408756173,1,1,0.5012996792793274,0.40483259728782317,0.408177464711637,0.3639728211237177,1,0.5012996792793274,0.07447583918143776
14,CCTCTCCAAGCAGCTCATGTTGG,CCTCGCCAAGCAGCTCATGTTGG,CCTCGCCAAGCGGCTCATGTTGG,0.5207656621932983,0.7891434703283339,1,1,0.5207656621932983,0.41095882189105226,0.39886593133994136,0.3639728211237177,1,0.5207656621932983,0.07560286235446322
15,CCTCCCCAAGCAGCTCATGTTGG,CCTCGCCAAGCAGCTCATGTTGG,CCTCGCCAAGCGGCTCATGTTGG,0.6622886061668396,0.7203316115954249,1,1,0.6622886061668396,0.4770674190214472,0.3640855559674953,0.3639728211237177,1,0.6622886061668396,0.08776466276623515
16,CCTCGACAAGCAGCTCATGTTGG,CCTCGCCAAGCAGCTCATGTTGG,CCTCGCCAAGCGGCTCATGTTGG,0.5129715800285339,0.7248673792640279,1,1,0.5129715800285339,0.37183636485221094,0.36637812159529703,0.376846020329701,1,0.5129715800285339,0.07082503041878166
17,CCTCGTCAAGCAGCTCATGTTGG,CCTCGCCAAGCAGCTCATGTTGG,CCTCGCCAAGCGGCTCATGTTGG,0.4477035403251648,1.0109584630399304,1,1,0.4477035403251648,0.4526096830246641,0.5109804542115077,0.376846020329701,1,0.4477035403251648,0.08621021932805815
18,CCTCGGCAAGCAGCTCATGTTGG,CCTCGCCAAGCAGCTCATGTTGG,CCTCGCCAAGCGGCTCATGTTGG,0.5940555930137634,0.8350710160317996,1,1,0.5940555930137634,0.49607860763737666,0.4220796231209159,0.376846020329701,1,0.5940555930137634,0.09448990415444876
19,CCTCGCAAAGCAGCTCATGTTGG,CCTCGCCAAGCAGCTCATGTTGG,CCTCGCCAAGCGGCTCATGTTGG,0.38638100028038025,0.3762691332622255,1,1,0.38638100028038025,0.14538324408449038,0.19018206944127267,0.39787896226355973,1,0.38638100028038025,0.029237235629690123
20,CCTCGCTAAGCAGCTCATGTTGG,CCTCGCCAAGCAGCTCATGTTGG,CCTCGCCAAGCGGCTCATGTTGG,0.43815532326698303,0.9232168172408156,1,1,0.43815532326698303,0.4045123630036648,0.46663217714295124,0.39787896226355973,1,0.43815532326698303,0.08134928716673608
21,CCTCGCGAAGCAGCTCATGTTGG,CCTCGCCAAGCAGCTCATGTTGG,CCTCGCCAAGCGGCTCATGTTGG,0.5025743246078491,0.6319091304925896,1,1,0.5025743246078491,0.31758130447084637,0.3193931564196707,0.39787896226355973,1,0.5025743246078491,0.06386705351685747
22,CCTCGCCTAGCAGCTCATGTTGG,CCTCGCCAAGCAGCTCATGTTGG,CCTCGCCAAGCGGCTCATGTTGG,0.5169148445129395,1.0284614482708374,1,1,0.5169148445129395,0.5316269896204724,0.5198271909176359,0.36341269816512567,1,0.5169148445129395,0.09765131477350114
23,CCTCGCCCAGCAGCTCATGTTGG,CCTCGCCAAGCAGCTCATGTTGG,CCTCGCCAAGCGGCTCATGTTGG,0.5654770731925964,0.8095712011534798,1,1,0.5654770731925964,0.4577939533692845,0.4091909561131216,0.36341269816512567,1,0.5654770731925964,0.08408937528507297
24,CCTCGCCGAGCAGCTCATGTTGG,CCTCGCCAAGCAGCTCATGTTGG,CCTCGCCAAGCGGCTCATGTTGG,0.5721898078918457,0.9514834004752633,1,1,0.5721898078918457,0.5444291041302209,0.48091928395119105,0.36341269816512567,1,0.5721898078918457,0.10000285699796632
25,CCTCGCCATGCAGCTCATGTTGG,CCTCGCCAAGCAGCTCATGTTGG,CCTCGCCAAGCGGCTCATGTTGG,0.4225209355354309,1.0339165274506792,1,1,0.4225209355354309,0.436851378444005,0.5225844148185007,0.36310635416011194,1,0.4225209355354309,0.08017491997414529
26,CCTCGCCACGCAGCTCATGTTGG,CCTCGCCAAGCAGCTCATGTTGG,CCTCGCCAAGCGGCTCATGTTGG,0.4561010003089905,0.7816216459868924,1,1,0.4561010003089905,0.35649841459778125,0.39506408847596103,0.36310635416011194,1,0.4561010003089905,0.06542781657938711
27,CCTCGCCAGGCAGCTCATGTTGG,CCTCGCCAAGCAGCTCATGTTGG,CCTCGCCAAGCGGCTCATGTTGG,0.6031976342201233,0.9741341190951002,1,1,0.6031976342201233,0.5875953960512682,0.4923678992125721,0.36310635416011194,1,0.6031976342201233,0.10784082683540208
28,CCTCGCCAAACAGCTCATGTTGG,CCTCGCCAAGCAGCTCATGTTGG,CCTCGCCAAGCGGCTCATGTTGG,0.4645562767982483,0.6412768912990606,1,1,0.4645562767982483,0.2979092050186466,0.324128012347818,0.3391394786543797,1,0.4645562767982483,0.05106616528535018
29,CCTCGCCAATCAGCTCATGTTGG,CCTCGCCAAGCAGCTCATGTTGG,CCTCGCCAAGCGGCTCATGTTGG,0.41421470046043396,0.5235341107170944,1,1,0.41421470046043396,0.21685552485150095,0.2646159139763515,0.3391394786543797,1,0.41421470046043396,0.03717233267234886
30,CCTCGCCAACCAGCTCATGTTGG,CCTCGCCAAGCAGCTCATGTTGG,CCTCGCCAAGCGGCTCATGTTGG,0.4692958891391754,0.30927057920812306,1,1,0.4692958891391754,0.1451394114540639,0.15631821367104076,0.3391394786543797,1,0.4692958891391754,0.024879100913540963
31,CCTCGCCAAGCTGCTCATGTTGG,CCTCGCCAAGCAGCTCATGTTGG,CCTCGCCAAGCGGCTCATGTTGG,0.39475202560424805,0.7798341869152838,1,1,0.39475202560424805,0.30784112492025006,0.4189022326405808,1.0,1,0.39475202560424805,0.16536250486501122
32,CCTCGCCAAGCCGCTCATGTTGG,CCTCGCCAAGCAGCTCATGTTGG,CCTCGCCAAGCGGCTCATGTTGG,0.43491795659065247,0.6002513906485107,1,1,0.43491795659065247,0.2610601082615478,0.1652047854313448,1.0,1,0.43491795659065247,0.07185052769879768
33,CCTCGCCAAGCGGCTCATGTTGG,CCTCGCCAAGCAGCTCATGTTGG,CCTCGCCAAGCGGCTCATGTTGG,0.5494502782821655,1.0003087119578735,1,1,0.5494502782821655,0.5496199001533282,1.0,1.0,1,0.5494502782821655,0.5494502782821655
34,CCTCGCCAAGCAACTCATGTTGG,CCTCGCCAAGCAGCTCATGTTGG,CCTCGCCAAGCGGCTCATGTTGG,0.38030460476875305,0.7259356230590128,1,1,0.38030460476875305,0.27607666021501637,0.3669180564388401,0.1933985980256089,1,0.38030460476875305,0.026986961520432794
35,CCTCGCCAAGCATCTCATGTTGG,CCTCGCCAAGCAGCTCATGTTGG,CCTCGCCAAGCGGCTCATGTTGG,0.40477198362350464,0.3068316146297328,1,1,0.40477198362350464,0.1241968412920797,0.15508545953362135,0.1933985980256089,1,0.40477198362350464,0.012140451765456223
36,CCTCGCCAAGCACCTCATGTTGG,CCTCGCCAAGCAGCTCATGTTGG,CCTCGCCAAGCGGCTCATGTTGG,0.6082987189292908,0.1360036948981249,1,1,0.6082987189292908,0.08273087337617949,0.06874192396047263,0.1933985980256089,1,0.6082987189292908,0.008087083111683178
37,CCTCGCCAAGCAGATCATGTTGG,CCTCGCCAAGCAGCTCATGTTGG,CCTCGCCAAGCGGCTCATGTTGG,0.5460678339004517,0.2349121384917429,1,1,0.5460678339004517,0.12827796262310895,0.11873436507506271,0.1276854487585035,1,0.5460678339004517,0.00827874368153482
38,CCTCGCCAAGCAGTTCATGTTGG,CCTCGCCAAGCAGCTCATGTTGG,CCTCGCCAAGCGGCTCATGTTGG,0.5095288157463074,0.4417100323839083,1,1,0.5095288157463074,0.2250639897038359,0.22325862162389798,0.1276854487585035,1,0.5095288157463074,0.01452507542683711
39,CCTCGCCAAGCAGGTCATGTTGG,CCTCGCCAAGCAGCTCATGTTGG,CCTCGCCAAGCGGCTCATGTTGG,0.5536184906959534,0.3330578536937884,1,1,0.5536184906959534,0.18438698627638878,0.1683412915377513,0.1276854487585035,1,0.5536184906959534,0.011899881837676672
40,CCTCGCCAAGCAGCACATGTTGG,CCTCGCCAAGCAGCTCATGTTGG,CCTCGCCAAGCGGCTCATGTTGG,0.49466797709465027,0.16379269929395346,1,1,0.49466797709465027,0.08102300322261231,0.08278764256059006,0.10327307598477489,1,0.49466797709465027,0.004229279870187388
41,CCTCGCCAAGCAGCCCATGTTGG,CCTCGCCAAGCAGCTCATGTTGG,CCTCGCCAAGCGGCTCATGTTGG,0.6306887865066528,0.2594828196793073,1,1,0.6306887865066528,0.16365290466286694,0.13115340927174987,0.10327307598477489,1,0.6306887865066528,0.00854243742961128
42,CCTCGCCAAGCAGCGCATGTTGG,CCTCGCCAAGCAGCTCATGTTGG,CCTCGCCAAGCGGCTCATGTTGG,0.33674851059913635,0.22253070482768886,1,1,0.33674851059913635,0.07493688341330026,0.11247627354237619,0.10327307598477489,1,0.33674851059913635,0.003911593497511825
43,CCTCGCCAAGCAGCTAATGTTGG,CCTCGCCAAGCAGCTCATGTTGG,CCTCGCCAAGCGGCTCATGTTGG,0.5389261245727539,0.09088970873145973,1,1,0.5389261245727539,0.048982838490191985,0.045939439006326965,0.1965474771190448,1,0.5389261245727539,0.0048661153291407015
44,CCTCGCCAAGCAGCTTATGTTGG,CCTCGCCAAGCAGCTCATGTTGG,CCTCGCCAAGCGGCTCATGTTGG,0.4051215350627899,0.5298642575290011,1,1,0.4051215350627899,0.21465942138505437,0.2678154334535882,0.1965474771190448,1,0.4051215350627899,0.021324968767488673
45,CCTCGCCAAGCAGCTGATGTTGG,CCTCGCCAAGCAGCTCATGTTGG,CCTCGCCAAGCGGCTCATGTTGG,0.48135483264923096,0.10819976367820963,1,1,0.48135483264923096,0.05208247913801094,0.05468866072263705,0.1965474771190448,1,0.48135483264923096,0.00517404376563177
46,CCTCGCCAAGCAGCTCTTGTTGG,CCTCGCCAAGCAGCTCATGTTGG,CCTCGCCAAGCGGCTCATGTTGG,0.3191872835159302,0.3541250174741508,1,1,0.3191872835159302,0.1130322023526055,0.17898951232129168,0.20158702831805567,1,0.3191872835159302,0.011516904037632945
47,CCTCGCCAAGCAGCTCCTGTTGG,CCTCGCCAAGCAGCTCATGTTGG,CCTCGCCAAGCGGCTCATGTTGG,0.4865155518054962,0.4272720993833209,1,1,0.4865155518054962,0.2078745212025692,0.21596108979422074,0.20158702831805567,1,0.4865155518054962,0.021180432325741533
48,CCTCGCCAAGCAGCTCGTGTTGG,CCTCGCCAAGCAGCTCATGTTGG,CCTCGCCAAGCGGCTCATGTTGG,0.47242575883865356,0.8539477955773236,1,1,0.47242575883865356,0.40342693533421253,0.4316207326114266,0.20158702831805567,1,0.47242575883865356,0.041105359390826525
49,CCTCGCCAAGCAGCTCAAGTTGG,CCTCGCCAAGCAGCTCATGTTGG,CCTCGCCAAGCGGCTCATGTTGG,0.4255894720554352,0.3832613321709694,1,1,0.4255894720554352,0.16311198801790563,0.19371621758380228,0.20113801881038515,1,0.4255894720554352,0.016582538902001124
50,CCTCGCCAAGCAGCTCACGTTGG,CCTCGCCAAGCAGCTCATGTTGG,CCTCGCCAAGCGGCTCATGTTGG,0.535830020904541,0.5086953910371252,1,1,0.535830020904541,0.27257426201346646,0.25711580788970956,0.20113801881038515,1,0.535830020904541,0.0277108590143992
51,CCTCGCCAAGCAGCTCAGGTTGG,CCTCGCCAAGCAGCTCATGTTGG,CCTCGCCAAGCGGCTCATGTTGG,0.6365818977355957,0.4893364912981912,1,1,0.6365818977355957,0.31150275226188034,0.2473310148014847,0.20113801881038515,1,0.6365818977355957,0.031668466372293896
52,CCTCGCCAAGCAGCTCATATTGG,CCTCGCCAAGCAGCTCATGTTGG,CCTCGCCAAGCGGCTCATGTTGG,0.31699076294898987,0.3858988368147437,1,1,0.31699076294898987,0.12232636670303335,0.1950493221277894,0.20247936919301684,1,0.31699076294898987,0.012519063191650609
53,CCTCGCCAAGCAGCTCATTTTGG,CCTCGCCAAGCAGCTCATGTTGG,CCTCGCCAAGCGGCTCATGTTGG,0.23091250658035278,0.2482095221281832,1,1,0.23091250658035278,0.05731468291173032,0.1254554158192658,0.20247936919301684,1,0.23091250658035278,0.005865670309028941
54,CCTCGCCAAGCAGCTCATCTTGG,CCTCGCCAAGCAGCTCATGTTGG,CCTCGCCAAGCGGCTCATGTTGG,0.4243001639842987,0.16977285512059592,1,1,0.4243001639842987,0.07203465026775144,0.08581026203732385,0.20247936919301684,1,0.4243001639842987,0.007372133768018382
55,CCTCGCCAAGCAGCTCATGATGG,CCTCGCCAAGCAGCTCATGTTGG,CCTCGCCAAGCGGCTCATGTTGG,0.45726028084754944,0.5681880287655394,1,1,0.45726028084754944,0.25980981760754607,0.28718586136875646,0.22422665082062235,1,0.45726028084754944,0.029445149516295985
56,CCTCGCCAAGCAGCTCATGCTGG,CCTCGCCAAGCAGCTCATGTTGG,CCTCGCCAAGCGGCTCATGTTGG,0.4245106875896454,0.4310032739142555,1,1,0.4245106875896454,0.1829654961627289,0.21784698058623844,0.22422665082062235,1,0.4245106875896454,0.020736115518824625
57,CCTCGCCAAGCAGCTCATGGTGG,CCTCGCCAAGCAGCTCATGTTGG,CCTCGCCAAGCGGCTCATGTTGG,0.5737285017967224,0.7490206041762596,1,1,0.5737285017967224,0.42973446904892126,0.3785861660279172,0.22422665082062235,1,0.5737285017967224,0.04870330078351912
